,Open,High,Low,Close,Volume,Dividends,Stock Splits
2022-06-21 09:30:00-04:00,355.0199890136719,369.3999938964844,353.510009765625,368.8299865722656,1187991,0,0
2022-06-21 10:30:00-04:00,368.8299865722656,370.45001220703125,366.2900085449219,368.0799865722656,394913,0,0
2022-06-21 11:30:00-04:00,368.2550048828125,371.1000061035156,367.3699951171875,369.9800109863281,429404,0,0
2022-06-21 12:30:00-04:00,370.1199951171875,372.7950134277344,368.3550109863281,368.3550109863281,578196,0,0
2022-06-21 13:30:00-04:00,368.510009765625,368.8949890136719,362.20001220703125,362.54998779296875,581635,0,0
2022-06-21 14:30:00-04:00,362.7300109863281,365.05999755859375,362.0400085449219,364.04998779296875,603347,0,0
2022-06-21 15:30:00-04:00,364.1000061035156,365.9750061035156,361.82000732421875,363.0899963378906,738819,0,0
2022-06-22 09:30:00-04:00,360.7900085449219,371.0,358.2228088378906,369.6000061035156,693500,0,0
2022-06-22 10:30:00-04:00,369.5199890136719,370.7799987792969,367.54998779296875,369.5199890136719,302696,0,0
2022-06-22 11:30:00-04:00,369.4100036621094,370.8599853515625,366.38751220703125,369.1400146484375,323580,0,0
2022-06-22 12:30:00-04:00,369.0899963378906,371.7077941894531,368.9200134277344,371.17999267578125,199492,0,0
2022-06-22 13:30:00-04:00,371.20001220703125,372.54998779296875,369.6600036621094,369.8299865722656,280771,0,0
2022-06-22 14:30:00-04:00,369.92498779296875,370.1676940917969,366.1000061035156,366.5400085449219,254431,0,0
2022-06-22 15:30:00-04:00,366.489990234375,366.92999267578125,363.5,365.3299865722656,472686,0,0
2022-06-23 11:30:00-04:00,373.3275146484375,373.7099914550781,371.3299865722656,372.5474853515625,1088881,0,0
2022-06-23 12:30:00-04:00,372.3800048828125,372.6675109863281,370.0,370.1650085449219,215484,0,0
2022-06-23 13:30:00-04:00,370.2799987792969,374.2300109863281,370.2799987792969,374.04998779296875,264584,0,0
2022-06-23 14:30:00-04:00,374.0,376.989990234375,373.9750061035156,375.1600036621094,236206,0,0
2022-06-23 15:30:00-04:00,375.17999267578125,377.8399963378906,375.17999267578125,376.6300048828125,382016,0,0
2022-06-24 09:30:00-04:00,380.6400146484375,383.5199890136719,378.3599853515625,382.1099853515625,522918,0,0
2022-06-24 10:30:00-04:00,382.2099914550781,384.66241455078125,380.3599853515625,382.9200134277344,283808,0,0
2022-06-24 11:30:00-04:00,382.935302734375,384.22900390625,381.7699890136719,383.0799865722656,176536,0,0
2022-06-24 12:30:00-04:00,382.9599914550781,382.9599914550781,380.67999267578125,381.43499755859375,185933,0,0
2022-06-24 13:30:00-04:00,381.2349853515625,381.4200134277344,379.1700134277344,380.2799987792969,268805,0,0
2022-06-24 14:30:00-04:00,380.1700134277344,382.4100036621094,380.1700134277344,382.2908020019531,242158,0,0
2022-06-24 15:30:00-04:00,382.32000732421875,388.05999755859375,382.0,387.9100036621094,743467,0,0
2022-06-27 09:30:00-04:00,388.79998779296875,389.385009765625,380.1400146484375,381.0,551450,0,0
2022-06-27 10:30:00-04:00,380.760009765625,385.3699951171875,380.760009765625,385.0899963378906,274364,0,0
2022-06-27 11:30:00-04:00,385.239990234375,385.489013671875,379.81500244140625,379.8599853515625,214327,0,0
2022-06-27 12:30:00-04:00,379.8599853515625,381.7300109863281,379.3800048828125,380.82501220703125,168064,0,0
2022-06-27 13:30:00-04:00,380.8900146484375,381.32000732421875,379.510009765625,380.7300109863281,145316,0,0
2022-06-27 14:30:00-04:00,380.7699890136719,382.010009765625,379.8999938964844,381.2950134277344,174360,0,0
2022-06-27 15:30:00-04:00,381.2099914550781,382.1698913574219,379.3900146484375,381.1199951171875,318170,0,0
2022-06-28 09:30:00-04:00,381.0,382.92999267578125,374.4599914550781,375.4200134277344,465091,0,0
2022-06-28 10:30:00-04:00,375.3599853515625,375.4800109863281,370.8800048828125,371.04998779296875,341873,0,0
2022-06-28 11:30:00-04:00,370.7300109863281,371.82000732421875,367.80999755859375,369.1300048828125,313203,0,0
2022-06-28 12:30:00-04:00,368.80999755859375,369.7699890136719,366.6300048828125,367.95001220703125,208561,0,0
2022-06-28 13:30:00-04:00,367.8399963378906,368.42999267578125,366.8599853515625,367.2300109863281,183427,0,0
2022-06-28 14:30:00-04:00,367.1600036621094,367.377197265625,365.0299987792969,366.6099853515625,251929,0,0
2022-06-28 15:30:00-04:00,366.510009765625,367.2149963378906,364.8699951171875,365.6300048828125,436752,0,0
2022-06-29 09:30:00-04:00,367.94000244140625,369.79998779296875,362.79998779296875,366.8500061035156,402325,0,0
2022-06-29 10:30:00-04:00,367.30999755859375,370.0899963378906,365.5199890136719,369.1650085449219,190382,0,0
2022-06-29 11:30:00-04:00,369.2200012207031,370.1000061035156,366.25,366.82000732421875,188436,0,0
2022-06-29 12:30:00-04:00,366.79998779296875,369.57000732421875,366.6499938964844,367.7699890136719,190368,0,0
2022-06-29 13:30:00-04:00,367.7200012207031,370.3699951171875,367.1700134277344,369.510009765625,167542,0,0
2022-06-29 14:30:00-04:00,369.42999267578125,369.510009765625,367.0299987792969,369.010009765625,143531,0,0
2022-06-29 15:30:00-04:00,368.8900146484375,369.30999755859375,366.7699890136719,368.5,293706,0,0
2022-06-30 09:30:00-04:00,362.8999938964844,366.5950012207031,357.55999755859375,359.17999267578125,325526,0,0
2022-06-30 10:30:00-04:00,359.1650085449219,365.25,359.0299987792969,364.3999938964844,221284,0,0
2022-06-30 11:30:00-04:00,364.3999938964844,368.6604919433594,362.9574890136719,368.3599853515625,234080,0,0
2022-06-30 12:30:00-04:00,368.4599914550781,369.6000061035156,366.4200134277344,368.18499755859375,214895,0,0
2022-06-30 13:30:00-04:00,368.3590087890625,370.4200134277344,368.2099914550781,369.4150085449219,217661,0,0
2022-06-30 14:30:00-04:00,369.510009765625,369.82501220703125,363.2850036621094,366.4549865722656,236056,0,0
2022-06-30 15:30:00-04:00,366.3599853515625,368.42999267578125,364.1499938964844,366.1400146484375,409795,0,0
2022-07-01 09:30:00-04:00,364.17498779296875,367.4200134277344,359.07000732421875,361.8299865722656,617120,0,0
2022-07-01 10:30:00-04:00,361.7200012207031,364.8599853515625,360.3699951171875,362.8500061035156,241414,0,0
2022-07-01 11:30:00-04:00,362.95001220703125,364.8800048828125,361.17340087890625,364.0199890136719,309363,0,0
2022-07-01 12:30:00-04:00,364.010009765625,365.2200012207031,362.9200134277344,364.489990234375,158485,0,0
2022-07-01 13:30:00-04:00,364.5050048828125,367.29998779296875,364.40008544921875,366.5150146484375,179612,0,0
2022-07-01 14:30:00-04:00,366.54998779296875,368.010009765625,366.07000732421875,367.3949890136719,162444,0,0
2022-07-01 15:30:00-04:00,367.4750061035156,369.52899169921875,367.4750061035156,368.4700012207031,342987,0,0
2022-07-06 09:30:00-04:00,378.5400085449219,381.5,374.0899963378906,377.68499755859375,531330,0,0
2022-07-06 10:30:00-04:00,377.80999755859375,383.9549865722656,377.54998779296875,381.20001220703125,331636,0,0
2022-07-06 11:30:00-04:00,381.1549987792969,381.239990234375,378.70001220703125,379.6000061035156,176968,0,0
2022-07-06 12:30:00-04:00,379.5400085449219,380.9150085449219,378.5426025390625,380.6099853515625,109364,0,0
2022-07-06 13:30:00-04:00,380.57000732421875,382.9200134277344,379.2900085449219,382.9200134277344,222159,0,0
2022-07-06 14:30:00-04:00,382.9800109863281,384.92999267578125,381.9949951171875,384.8450012207031,234694,0,0
2022-07-06 15:30:00-04:00,384.7300109863281,385.385009765625,381.3900146484375,382.8399963378906,318925,0,0
2022-07-07 09:30:00-04:00,382.5,388.07000732421875,382.3800048828125,386.239990234375,306268,0,0
2022-07-07 10:30:00-04:00,386.42498779296875,388.1549987792969,385.4700012207031,386.79998779296875,184814,0,0
2022-07-07 11:30:00-04:00,386.7900085449219,390.2300109863281,386.6000061035156,388.989990234375,309167,0,0
2022-07-07 12:30:00-04:00,388.94500732421875,390.0,388.5,388.7099914550781,202740,0,0
2022-07-07 13:30:00-04:00,388.7250061035156,390.9150085449219,388.6000061035156,390.8550109863281,154794,0,0
2022-07-07 14:30:00-04:00,390.82501220703125,392.07000732421875,389.8699951171875,390.7900085449219,205536,0,0
2022-07-07 15:30:00-04:00,390.6600036621094,391.3699951171875,389.80999755859375,390.8900146484375,362070,0,0
2022-07-08 09:30:00-04:00,384.3500061035156,388.510009765625,383.8399963378906,387.3800048828125,274979,0,0
2022-07-08 10:30:00-04:00,387.3699951171875,391.8599853515625,387.3699951171875,391.44000244140625,160876,0,0
2022-07-08 11:30:00-04:00,391.29998779296875,391.4599914550781,386.0400085449219,386.0400085449219,135766,0,0
2022-07-08 12:30:00-04:00,386.0199890136719,387.3999938964844,384.69000244140625,387.3999938964844,110139,0,0
2022-07-08 13:30:00-04:00,387.4200134277344,389.0,386.6300048828125,388.9100036621094,153024,0,0
2022-07-08 14:30:00-04:00,388.9100036621094,389.7699890136719,388.3900146484375,388.79998779296875,129726,0,0
2022-07-08 15:30:00-04:00,388.7699890136719,390.4125061035156,388.17999267578125,389.44000244140625,346595,0,0
2022-07-11 09:30:00-04:00,386.57000732421875,387.7650146484375,380.4569091796875,383.8699951171875,249402,0,0
2022-07-11 10:30:00-04:00,383.8179016113281,388.04998779296875,383.2900085449219,386.3900146484375,290383,0,0
2022-07-11 11:30:00-04:00,386.42999267578125,386.70001220703125,384.44000244140625,386.29998779296875,150998,0,0
2022-07-11 12:30:00-04:00,386.260009765625,387.2149963378906,384.9100036621094,386.5249938964844,108929,0,0
2022-07-11 13:30:00-04:00,386.55999755859375,388.0,385.75,385.75,93766,0,0
2022-07-11 14:30:00-04:00,385.69000244140625,385.7099914550781,382.489990234375,383.17999267578125,176412,0,0
2022-07-11 15:30:00-04:00,383.2099914550781,384.30999755859375,382.510009765625,384.1600036621094,329248,0,0
2022-07-12 09:30:00-04:00,383.8999938964844,391.2300109863281,375.44000244140625,376.7799987792969,485049,0,0
2022-07-12 10:30:00-04:00,376.8500061035156,380.57489013671875,376.3699951171875,378.19500732421875,376632,0,0
2022-07-12 11:30:00-04:00,378.2049865722656,378.7200012207031,375.7699890136719,377.3399963378906,255485,0,0
2022-07-12 12:30:00-04:00,377.57000732421875,378.6499938964844,376.3900146484375,377.260009765625,177102,0,0
2022-07-12 13:30:00-04:00,377.2650146484375,377.7900085449219,376.3500061035156,377.135009765625,214330,0,0
2022-07-12 14:30:00-04:00,377.20001220703125,377.2950134277344,373.6050109863281,374.20001220703125,254447,0,0
2022-07-12 15:30:00-04:00,374.07000732421875,376.239990234375,372.9100036621094,375.55999755859375,452760,0,0
2022-07-13 09:30:00-04:00,368.20001220703125,370.1199951171875,364.80999755859375,369.6300048828125,567050,0,0
2022-07-13 10:30:00-04:00,369.5450134277344,373.6300048828125,369.010009765625,370.5783996582031,270450,0,0
2022-07-13 11:30:00-04:00,370.81500244140625,372.0199890136719,369.3999938964844,371.3900146484375,136333,0,0
2022-07-13 12:30:00-04:00,371.29998779296875,374.4100036621094,371.1600036621094,372.8575134277344,122422,0,0
2022-07-13 13:30:00-04:00,372.8800048828125,373.07000732421875,370.5,372.4200134277344,135213,0,0
2022-07-13 14:30:00-04:00,372.6400146484375,374.1000061035156,371.7900085449219,372.2099914550781,178829,0,0
2022-07-13 15:30:00-04:00,372.110107421875,372.8900146484375,371.42999267578125,371.8299865722656,331361,0,0
2022-07-14 09:30:00-04:00,368.8299865722656,369.864990234375,361.4599914550781,362.5199890136719,377865,0,0
2022-07-14 10:30:00-04:00,362.6000061035156,368.6000061035156,361.80499267578125,368.4200134277344,305481,0,0
2022-07-14 11:30:00-04:00,368.3800048828125,371.7699890136719,367.3900146484375,367.3900146484375,231613,0,0
2022-07-14 12:30:00-04:00,367.27349853515625,370.0299987792969,366.5299987792969,369.8800048828125,156546,0,0
2022-07-14 13:30:00-04:00,369.8599853515625,372.8399963378906,368.82049560546875,372.57000732421875,197301,0,0
2022-07-14 14:30:00-04:00,372.5799865722656,374.07000732421875,371.95001220703125,373.7799987792969,196433,0,0
2022-07-14 15:30:00-04:00,373.7900085449219,374.1940002441406,371.4200134277344,372.9599914550781,300703,0,0
2022-07-15 09:30:00-04:00,377.7900085449219,384.4700012207031,377.2699890136719,382.1300048828125,615752,0,0
2022-07-15 10:30:00-04:00,382.4314880371094,382.7900085449219,379.2200012207031,380.2200012207031,225661,0,0
2022-07-15 11:30:00-04:00,380.0400085449219,381.1300048828125,377.6099853515625,378.17999267578125,187415,0,0
2022-07-15 12:30:00-04:00,378.19000244140625,378.6449890136719,376.8599853515625,377.95001220703125,166989,0,0
2022-07-15 13:30:00-04:00,378.32000732421875,379.4103088378906,376.989990234375,378.0299072265625,240305,0,0
2022-07-15 14:30:00-04:00,377.9649963378906,379.16229248046875,377.55999755859375,377.7699890136719,153371,0,0
2022-07-15 15:30:00-04:00,377.82000732421875,380.1300048828125,377.260009765625,379.8299865722656,462978,0,0
2022-07-18 09:30:00-04:00,383.8299865722656,385.3999938964844,380.57000732421875,382.25,308000,0,0
2022-07-18 10:30:00-04:00,382.4200134277344,385.139892578125,381.5199890136719,383.3500061035156,279436,0,0
2022-07-18 11:30:00-04:00,383.4700012207031,385.0,382.70001220703125,384.2699890136719,108907,0,0
2022-07-18 12:30:00-04:00,384.2749938964844,384.5899963378906,382.6000061035156,383.4800109863281,114537,0,0
2022-07-18 13:30:00-04:00,383.4800109863281,383.4800109863281,379.0299987792969,379.4700012207031,131927,0,0
2022-07-18 14:30:00-04:00,379.3399963378906,380.260009765625,376.45001220703125,376.4700012207031,181247,0,0
2022-07-18 15:30:00-04:00,376.489990234375,376.489990234375,374.010009765625,375.2300109863281,287306,0,0
2022-07-19 09:30:00-04:00,382.8900146484375,382.8900146484375,378.0,380.510009765625,206946,0,0
2022-07-19 10:30:00-04:00,380.8500061035156,384.8599853515625,380.30999755859375,384.74810791015625,185800,0,0
2022-07-19 11:30:00-04:00,384.760009765625,385.6499938964844,383.2200012207031,384.6593933105469,239950,0,0
2022-07-19 12:30:00-04:00,384.6499938964844,385.8800048828125,384.3031005859375,385.3599853515625,126794,0,0
2022-07-19 13:30:00-04:00,385.3599853515625,387.8660888671875,385.2699890136719,387.2200012207031,120355,0,0
2022-07-19 14:30:00-04:00,387.2349853515625,387.8916931152344,386.5299987792969,387.30499267578125,183060,0,0
2022-07-19 15:30:00-04:00,387.2279968261719,388.32000732421875,386.7699890136719,387.8399963378906,410698,0,0
2022-07-20 09:30:00-04:00,392.19000244140625,397.7950134277344,390.07000732421875,397.67999267578125,441397,0,0
2022-07-20 10:30:00-04:00,397.57000732421875,401.8900146484375,397.5400085449219,401.739990234375,493993,0,0
2022-07-20 11:30:00-04:00,401.6300048828125,403.1300048828125,401.4700012207031,402.05999755859375,247291,0,0
2022-07-20 12:30:00-04:00,402.0199890136719,402.5975036621094,396.6700134277344,399.239990234375,258090,0,0
2022-07-20 13:30:00-04:00,399.1400146484375,400.8299865722656,398.4849853515625,400.57000732421875,235828,0,0
2022-07-20 14:30:00-04:00,400.4649963378906,402.7099914550781,399.9100036621094,402.67999267578125,224316,0,0
2022-07-20 15:30:00-04:00,402.79998779296875,403.05999755859375,401.20001220703125,401.3999938964844,489350,0,0
2022-07-21 09:30:00-04:00,404.1199951171875,408.4800109863281,399.2401123046875,400.2300109863281,427326,0,0
2022-07-21 10:30:00-04:00,400.2200012207031,404.510009765625,399.8699951171875,404.2803039550781,168805,0,0
2022-07-21 11:30:00-04:00,404.5,408.32000732421875,404.05999755859375,408.32000732421875,161913,0,0
2022-07-21 12:30:00-04:00,408.2449951171875,408.70001220703125,405.75,406.7699890136719,147974,0,0
2022-07-21 13:30:00-04:00,406.75,409.6499938964844,405.42999267578125,408.2550048828125,189736,0,0
2022-07-21 14:30:00-04:00,408.1199951171875,408.1300048828125,406.1499938964844,407.0299987792969,132235,0,0
2022-07-21 15:30:00-04:00,406.9700012207031,408.94000244140625,406.30999755859375,408.9100036621094,337027,0,0
2022-07-22 12:30:00-04:00,401.6600036621094,401.7799987792969,400.8349914550781,400.885009765625,940597,0,0
2022-07-22 13:30:00-04:00,400.4700012207031,400.760009765625,398.6310119628906,399.4200134277344,267906,0,0
2022-07-22 14:30:00-04:00,399.3399963378906,401.239990234375,398.8399963378906,401.1700134277344,269459,0,0
2022-07-22 15:30:00-04:00,401.239990234375,402.2099914550781,399.6099853515625,401.8900146484375,446941,0,0
2022-07-25 09:30:00-04:00,400.1099853515625,400.768798828125,391.7799987792969,393.50439453125,418379,0,0
2022-07-25 10:30:00-04:00,393.489990234375,394.79998779296875,391.57000732421875,393.7149963378906,258579,0,0
2022-07-25 11:30:00-04:00,393.8439025878906,395.8299865722656,391.7099914550781,392.260009765625,209993,0,0
2022-07-25 12:30:00-04:00,392.3299865722656,393.9100036621094,392.04998779296875,392.3500061035156,203259,0,0
2022-07-25 13:30:00-04:00,392.3800048828125,392.5799865722656,389.4150085449219,389.4599914550781,267870,0,0
2022-07-25 14:30:00-04:00,389.7254943847656,391.12078857421875,388.57000732421875,389.7699890136719,352958,0,0
2022-07-25 15:30:00-04:00,389.739990234375,392.4700012207031,389.0631103515625,392.04998779296875,365841,0,0
2022-07-26 09:30:00-04:00,393.5799865722656,393.5799865722656,383.635009765625,383.875,374413,0,0
2022-07-26 10:30:00-04:00,383.7699890136719,384.3599853515625,381.9800109863281,383.8999938964844,272041,0,0
2022-07-26 11:30:00-04:00,383.8500061035156,383.9700012207031,380.80999755859375,382.4599914550781,224920,0,0
2022-07-26 12:30:00-04:00,382.4800109863281,383.2300109863281,380.17999267578125,380.8999938964844,142667,0,0
2022-07-26 13:30:00-04:00,380.80999755859375,381.9700012207031,379.57000732421875,379.57000732421875,162730,0,0
2022-07-26 14:30:00-04:00,379.57000732421875,379.9049987792969,378.1600036621094,378.6199951171875,234512,0,0
2022-07-26 15:30:00-04:00,378.625,380.1700134277344,378.32000732421875,379.25,445730,0,0
2022-07-27 09:30:00-04:00,385.0799865722656,387.6000061035156,383.6449890136719,385.92498779296875,449401,0,0
2022-07-27 10:30:00-04:00,386.0,387.2099914550781,384.8500061035156,385.989990234375,184330,0,0
2022-07-27 11:30:00-04:00,385.9949951171875,386.82159423828125,385.51190185546875,386.5,201087,0,0
2022-07-27 12:30:00-04:00,386.5400085449219,387.92999267578125,386.2699890136719,386.87298583984375,172462,0,0
2022-07-27 13:30:00-04:00,386.7099914550781,387.510009765625,385.2300109863281,386.75,157855,0,0
2022-07-27 14:30:00-04:00,386.5199890136719,394.68499755859375,385.54998779296875,394.68499755859375,308200,0,0
2022-07-27 15:30:00-04:00,394.79998779296875,394.9100036621094,392.0899963378906,392.7799987792969,579588,0,0
2022-07-28 09:30:00-04:00,392.760009765625,397.239990234375,390.05999755859375,393.79998779296875,388251,0,0
2022-07-28 10:30:00-04:00,393.8500061035156,401.17999267578125,393.1300048828125,400.9599914550781,251675,0,0
2022-07-28 11:30:00-04:00,401.19500732421875,401.67999267578125,399.1199951171875,400.4100036621094,253661,0,0
2022-07-28 12:30:00-04:00,400.3399963378906,402.70001220703125,399.1300048828125,402.57501220703125,212707,0,0
2022-07-28 13:30:00-04:00,402.54998779296875,406.1499938964844,402.54998779296875,403.20001220703125,234261,0,0
2022-07-28 14:30:00-04:00,403.07000732421875,404.0799865722656,402.1400146484375,403.1499938964844,281649,0,0
2022-07-28 15:30:00-04:00,403.0799865722656,403.7300109863281,401.7749938964844,403.6199951171875,391064,0,0
2022-07-29 09:30:00-04:00,404.69000244140625,408.0,402.385009765625,407.5,511272,0,0
2022-07-29 10:30:00-04:00,407.6499938964844,408.0,401.0249938964844,401.44000244140625,194642,0,0
2022-07-29 11:30:00-04:00,401.32000732421875,403.4849853515625,400.8900146484375,403.44000244140625,147956,0,0
2022-07-29 12:30:00-04:00,403.6600036621094,404.9198913574219,402.5199890136719,404.635009765625,153479,0,0
2022-07-29 13:30:00-04:00,404.73779296875,408.8550109863281,404.5400085449219,408.77069091796875,247184,0,0
2022-07-29 14:30:00-04:00,408.7349853515625,410.3949890136719,408.1600036621094,410.3500061035156,243901,0,0
2022-07-29 15:30:00-04:00,410.364990234375,411.3800048828125,409.2950134277344,410.1199035644531,455966,0,0
2022-08-01 09:30:00-04:00,406.510009765625,412.614990234375,405.07000732421875,408.2550048828125,448142,0,0
2022-08-01 10:30:00-04:00,408.05999755859375,416.8500061035156,408.05999755859375,416.4800109863281,294909,0,0
2022-08-01 11:30:00-04:00,416.5849914550781,417.1600036621094,413.0,413.4700012207031,224901,0,0
2022-08-01 12:30:00-04:00,413.5199890136719,413.7799987792969,408.6426086425781,408.9700012207031,158826,0,0
2022-08-01 13:30:00-04:00,409.20001220703125,409.80999755859375,408.114990234375,409.04998779296875,117655,0,0
2022-08-01 14:30:00-04:00,409.04998779296875,411.5,408.67498779296875,410.1700134277344,128781,0,0
2022-08-01 15:30:00-04:00,410.1700134277344,412.0299987792969,409.6300048828125,411.1000061035156,237008,0,0
2022-08-02 12:30:00-04:00,412.0299987792969,412.0799865722656,410.047607421875,410.4800109863281,952805,0,0
2022-08-02 13:30:00-04:00,410.44000244140625,410.4823913574219,407.0,410.2099914550781,165641,0,0
2022-08-02 14:30:00-04:00,410.29998779296875,411.3550109863281,409.19000244140625,410.760009765625,207280,0,0
2022-08-02 15:30:00-04:00,410.6600036621094,411.82000732421875,409.8599853515625,409.8599853515625,252511,0,0
2022-08-03 09:30:00-04:00,412.80999755859375,418.94000244140625,412.0199890136719,418.44000244140625,396522,0,0
2022-08-03 10:30:00-04:00,418.30999755859375,420.82000732421875,416.8550109863281,419.75,310281,0,0
2022-08-03 11:30:00-04:00,419.69000244140625,421.55999755859375,419.17999267578125,421.25,165975,0,0
2022-08-03 12:30:00-04:00,421.1499938964844,424.9200134277344,421.1499938964844,423.57000732421875,290046,0,0
2022-08-03 13:30:00-04:00,423.3800048828125,424.0400085449219,422.6600036621094,423.8500061035156,164874,0,0
2022-08-03 14:30:00-04:00,423.8800048828125,424.6300048828125,423.3299865722656,423.9700012207031,179808,0,0
2022-08-03 15:30:00-04:00,423.9800109863281,425.95001220703125,423.864990234375,424.5400085449219,424054,0,0
2022-08-04 09:30:00-04:00,425.45001220703125,427.8500061035156,422.2650146484375,422.4100036621094,328196,0,0
2022-08-04 10:30:00-04:00,422.4949951171875,423.0199890136719,419.63031005859375,420.8500061035156,209943,0,0
2022-08-04 11:30:00-04:00,421.1199951171875,424.4950866699219,420.5,423.7900085449219,206158,0,0
2022-08-04 12:30:00-04:00,423.7650146484375,424.3999938964844,421.0299987792969,424.1600036621094,248614,0,0
2022-08-04 13:30:00-04:00,423.94000244140625,426.1199951171875,423.4801025390625,426.0199890136719,208553,0,0
2022-08-04 14:30:00-04:00,425.989990234375,427.125,424.9700012207031,426.80999755859375,183036,0,0
2022-08-04 15:30:00-04:00,426.7699890136719,431.1499938964844,425.8800048828125,430.6499938964844,682545,0,0
2022-08-08 09:30:00-04:00,435.0,440.29998779296875,433.0,437.875,377279,0,0
2022-08-08 10:30:00-04:00,437.8900146484375,439.7799987792969,435.6099853515625,436.2099914550781,245622,0,0
2022-08-08 11:30:00-04:00,436.0199890136719,437.2099914550781,432.5400085449219,433.7550048828125,351243,0,0
2022-08-08 12:30:00-04:00,433.6499938964844,435.6000061035156,432.5249938964844,434.0,213602,0,0
2022-08-08 13:30:00-04:00,433.6400146484375,435.69000244140625,432.9800109863281,432.9949951171875,0,0,0
2022-08-09 09:30:00-04:00,434.3399963378906,434.5899963378906,424.8399963378906,426.1499938964844,444964,0,0
2022-08-09 10:30:00-04:00,426.4800109863281,429.3550109863281,425.6000061035156,429.04998779296875,210791,0,0
2022-08-09 11:30:00-04:00,429.05999755859375,429.3299865722656,425.6357116699219,425.739990234375,153570,0,0
2022-08-09 12:30:00-04:00,425.7799987792969,427.1199951171875,425.6199951171875,426.3699951171875,223932,0,0
2022-08-09 13:30:00-04:00,426.3699951171875,427.739990234375,424.614990234375,425.6099853515625,179557,0,0
2022-08-09 14:30:00-04:00,425.739990234375,427.3800048828125,425.3800048828125,426.7300109863281,278560,0,0
2022-08-09 15:30:00-04:00,426.6499938964844,427.510009765625,426.3965148925781,426.7099914550781,291972,0,0
2022-08-10 09:30:00-04:00,441.4200134277344,443.1400146484375,436.2659912109375,439.69000244140625,525350,0,0
2022-08-10 10:30:00-04:00,439.92999267578125,443.2200012207031,438.0199890136719,442.2900085449219,338520,0,0
2022-08-10 11:30:00-04:00,442.2200012207031,442.9599914550781,439.6499938964844,440.1199951171875,188449,0,0
2022-08-10 12:30:00-04:00,440.1300048828125,440.3800048828125,438.2650146484375,438.2650146484375,209684,0,0
2022-08-10 13:30:00-04:00,438.32000732421875,439.9200134277344,437.43499755859375,437.635009765625,181190,0,0
2022-08-10 14:30:00-04:00,437.5450134277344,438.70001220703125,436.20001220703125,438.29998779296875,252228,0,0
2022-08-10 15:30:00-04:00,438.2900085449219,439.6300048828125,437.42999267578125,438.3999938964844,520561,0,0
2022-08-11 09:30:00-04:00,445.260009765625,445.6099853515625,437.3500061035156,443.010009765625,429834,0,0
2022-08-11 10:30:00-04:00,442.989990234375,443.43499755859375,436.3500061035156,438.32000732421875,229611,0,0
2022-08-11 11:30:00-04:00,438.4800109863281,438.7799987792969,435.864990234375,437.42999267578125,155920,0,0
2022-08-11 12:30:00-04:00,437.7099914550781,439.2300109863281,437.4089050292969,438.1700134277344,130620,0,0
2022-08-11 13:30:00-04:00,438.3999938964844,439.0450134277344,436.1400146484375,436.4700012207031,118897,0,0
2022-08-11 14:30:00-04:00,436.19000244140625,436.2799987792969,434.3999938964844,435.8900146484375,155047,0,0
2022-08-11 15:30:00-04:00,435.9200134277344,436.3800048828125,434.5400085449219,434.9010009765625,263543,0,0
2022-08-12 09:30:00-04:00,439.6099853515625,442.83990478515625,436.5799865722656,442.29998779296875,370454,0,0
2022-08-12 10:30:00-04:00,442.17999267578125,442.4541015625,437.6099853515625,440.2749938964844,206986,0,0
2022-08-12 11:30:00-04:00,440.5,441.4700012207031,438.6199951171875,440.5450134277344,161133,0,0
2022-08-12 12:30:00-04:00,440.6600036621094,441.7799987792969,440.3299865722656,441.42999267578125,124596,0,0
2022-08-12 13:30:00-04:00,441.5249938964844,444.05999755859375,441.4700012207031,443.69000244140625,220993,0,0
2022-08-12 14:30:00-04:00,443.57000732421875,445.56890869140625,443.44000244140625,445.2099914550781,231694,0,0
2022-08-12 15:30:00-04:00,445.19000244140625,446.0,444.65008544921875,445.6650085449219,445689,0,0
2022-08-15 09:30:00-04:00,445.07000732421875,449.5899963378906,442.1400146484375,447.489990234375,623481,0,0
2022-08-15 10:30:00-04:00,447.5,450.375,447.0899963378906,447.95001220703125,380533,0,0
2022-08-15 11:30:00-04:00,447.93499755859375,450.260009765625,447.70001220703125,449.5400085449219,250336,0,0
2022-08-15 12:30:00-04:00,449.3999938964844,449.7850036621094,448.5899963378906,449.6499938964844,139099,0,0
2022-08-15 13:30:00-04:00,449.7749938964844,450.0950012207031,448.79998779296875,449.2300109863281,153308,0,0
2022-08-15 14:30:00-04:00,449.239990234375,450.81500244140625,448.8299865722656,450.55999755859375,269484,0,0
2022-08-15 15:30:00-04:00,450.5299987792969,451.1499938964844,449.9599914550781,451.010009765625,392073,0,0
2022-08-16 09:30:00-04:00,446.1199951171875,448.79998779296875,440.67999267578125,442.3949890136719,484797,0,0
2022-08-16 10:30:00-04:00,442.45159912109375,445.70001220703125,440.1000061035156,445.3999938964844,317245,0,0
2022-08-16 11:30:00-04:00,445.25048828125,447.54998779296875,445.1499938964844,445.94000244140625,138042,0,0
2022-08-16 12:30:00-04:00,445.7300109863281,447.20001220703125,444.510009765625,447.0799865722656,124271,0,0
2022-08-16 13:30:00-04:00,447.1199951171875,450.0899963378906,446.9822998046875,449.2847900390625,150495,0,0
2022-08-16 14:30:00-04:00,449.4100036621094,449.4100036621094,444.8999938964844,447.1199951171875,184775,0,0
2022-08-16 15:30:00-04:00,447.0400085449219,448.6099853515625,447.0400085449219,448.1199951171875,167633,0,0
2022-08-17 15:30:00-04:00,438.8450012207031,439.4700012207031,437.69000244140625,437.82000732421875,1598010,0,0
2022-08-18 09:30:00-04:00,438.6099853515625,441.3900146484375,437.0101013183594,438.35809326171875,251408,0,0
2022-08-18 10:30:00-04:00,438.3900146484375,440.6400146484375,437.7250061035156,440.6400146484375,199997,0,0
2022-08-18 11:30:00-04:00,440.54998779296875,441.2149963378906,438.5101013183594,438.7650146484375,104206,0,0
2022-08-18 12:30:00-04:00,438.8598937988281,439.9219970703125,437.8399963378906,439.7250061035156,104429,0,0
2022-08-18 13:30:00-04:00,439.760009765625,441.0899963378906,439.25,439.54998779296875,115624,0,0
2022-08-18 14:30:00-04:00,439.30999755859375,441.2799987792969,438.50860595703125,440.9200134277344,165090,0,0
2022-08-18 15:30:00-04:00,440.70001220703125,441.1499938964844,438.1199951171875,439.1099853515625,259064,0,0
2022-08-19 13:30:00-04:00,426.1300048828125,426.1499938964844,424.9599914550781,425.3299865722656,1204703,0,0
2022-08-19 14:30:00-04:00,425.385009765625,426.2900085449219,424.6300048828125,425.8800048828125,129275,0,0
2022-08-19 15:30:00-04:00,425.94500732421875,426.9200134277344,424.9800109863281,425.0199890136719,260120,0,0
2022-08-22 09:30:00-04:00,419.4100036621094,419.7900085449219,413.7200012207031,414.32000732421875,318300,0,0
2022-08-22 10:30:00-04:00,413.79998779296875,414.80999755859375,410.0799865722656,411.4599914550781,314395,0,0
2022-08-22 11:30:00-04:00,411.1400146484375,413.3999938964844,411.0450134277344,412.6000061035156,132007,0,0
2022-08-22 12:30:00-04:00,412.45330810546875,413.3550109863281,411.92999267578125,412.0,90183,0,0
2022-08-22 13:30:00-04:00,411.7799987792969,412.3550109863281,410.9231872558594,411.6650085449219,131990,0,0
2022-08-22 14:30:00-04:00,411.54998779296875,412.82000732421875,411.2699890136719,411.4649963378906,182884,0,0
2022-08-22 15:30:00-04:00,411.32000732421875,412.1400146484375,410.6000061035156,411.30999755859375,411767,0,0
2022-08-23 09:30:00-04:00,410.3699951171875,415.70001220703125,409.20001220703125,412.5199890136719,260199,0,0
2022-08-23 10:30:00-04:00,412.82000732421875,413.59521484375,410.010009765625,411.04998779296875,173644,0,0
2022-08-23 11:30:00-04:00,410.8599853515625,411.8900146484375,409.89520263671875,410.07000732421875,108721,0,0
2022-08-23 12:30:00-04:00,410.07000732421875,412.17999267578125,409.8599853515625,412.010009765625,99475,0,0
2022-08-23 13:30:00-04:00,412.010009765625,413.5072021484375,410.4599914550781,413.42498779296875,118389,0,0
2022-08-23 14:30:00-04:00,413.4949951171875,413.510009765625,411.25201416015625,411.489990234375,127768,0,0
2022-08-23 15:30:00-04:00,411.5299987792969,412.2650146484375,410.19000244140625,410.55999755859375,213114,0,0
2022-08-29 14:30:00-04:00,377.9849853515625,377.9849853515625,376.7149963378906,376.7149963378906,1602538,0,0
2022-08-29 15:30:00-04:00,376.760009765625,377.5198974609375,374.82000732421875,375.44000244140625,381009,0,0
2022-08-30 09:30:00-04:00,379.9200134277344,380.6600036621094,375.05999755859375,375.6499938964844,323064,0,0
2022-08-30 10:30:00-04:00,375.69000244140625,375.9700012207031,371.32501220703125,373.364990234375,298308,0,0
2022-08-30 11:30:00-04:00,373.2300109863281,375.4700012207031,372.45001220703125,374.010009765625,153357,0,0
2022-08-30 12:30:00-04:00,373.989990234375,374.17999267578125,371.3299865722656,371.8900146484375,173037,0,0
2022-08-30 13:30:00-04:00,371.82000732421875,373.6099853515625,371.05999755859375,372.7200012207031,137860,0,0
2022-08-30 14:30:00-04:00,372.70001220703125,375.80999755859375,372.70001220703125,375.0033874511719,177930,0,0
2022-08-30 15:30:00-04:00,375.010009765625,375.510009765625,373.6600036621094,375.1600036621094,254026,0,0
2022-08-31 09:30:00-04:00,378.5299987792969,380.8699951171875,376.1400146484375,376.4049987792969,571449,0,0
2022-08-31 10:30:00-04:00,376.3299865722656,377.3999938964844,373.29998779296875,374.6400146484375,247986,0,0
2022-08-31 11:30:00-04:00,374.3800048828125,377.7099914550781,374.010009765625,376.79998779296875,122499,0,0
2022-08-31 12:30:00-04:00,376.8599853515625,377.364990234375,373.7799987792969,374.260009765625,137947,0,0
2022-08-31 13:30:00-04:00,374.3599853515625,374.9100036621094,373.4800109863281,374.2900085449219,130020,0,0
2022-08-31 14:30:00-04:00,374.1099853515625,375.5400085449219,372.5899963378906,374.3800048828125,205685,0,0
2022-08-31 15:30:00-04:00,374.3699951171875,375.510009765625,372.5,373.5,450728,0,0
2022-09-01 09:30:00-04:00,371.0,371.6400146484375,363.2200012207031,366.30999755859375,527239,0,0
2022-09-01 10:30:00-04:00,366.1449890136719,366.25,361.7204895019531,361.9599914550781,339938,0,0
2022-09-01 11:30:00-04:00,361.9984130859375,364.8500061035156,361.9984130859375,363.69000244140625,245948,0,0
2022-09-01 12:30:00-04:00,363.6700134277344,365.95001220703125,361.80499267578125,365.75,282861,0,0
2022-09-01 13:30:00-04:00,365.739990234375,367.3900146484375,363.4800109863281,367.1199951171875,187115,0,0
2022-09-01 14:30:00-04:00,367.2099914550781,369.94989013671875,367.2099914550781,367.95001220703125,280727,0,0
2022-09-01 15:30:00-04:00,367.8299865722656,371.0299987792969,367.42999267578125,370.5199890136719,425264,0,0
2022-09-02 09:30:00-04:00,374.5299987792969,378.95001220703125,372.6000061035156,378.80999755859375,414157,0,0
2022-09-02 10:30:00-04:00,378.7950134277344,382.0,378.7580871582031,379.5400085449219,383698,0,0
2022-09-02 11:30:00-04:00,379.3900146484375,380.8518981933594,375.9200134277344,376.05999755859375,163200,0,0
2022-09-02 12:30:00-04:00,376.1499938964844,376.4336853027344,369.55010986328125,369.8500061035156,281055,0,0
2022-09-02 13:30:00-04:00,370.05999755859375,371.1600036621094,367.79998779296875,370.35809326171875,231207,0,0
2022-09-02 14:30:00-04:00,370.2250061035156,370.2250061035156,367.010009765625,367.8949890136719,234941,0,0
2022-09-02 15:30:00-04:00,367.7300109863281,368.42999267578125,365.42999267578125,368.32000732421875,379265,0,0
2022-09-06 09:30:00-04:00,367.2300109863281,370.1300048828125,365.3699951171875,368.42999267578125,663134,0,0
2022-09-06 10:30:00-04:00,368.3599853515625,373.44000244140625,367.2900085449219,371.7799987792969,346841,0,0
2022-09-06 11:30:00-04:00,372.0199890136719,374.29998779296875,369.2200012207031,370.3949890136719,297823,0,0
2022-09-06 12:30:00-04:00,370.4574890136719,370.9100036621094,367.239990234375,367.4845886230469,208397,0,0
2022-09-06 13:30:00-04:00,367.3599853515625,371.0,367.0299987792969,370.7550048828125,200326,0,0
2022-09-06 14:30:00-04:00,370.66180419921875,371.2200012207031,368.94000244140625,369.5,179288,0,0
2022-09-06 15:30:00-04:00,369.3500061035156,369.4100036621094,367.2300109863281,368.32000732421875,366391,0,0
2022-09-07 09:30:00-04:00,368.20001220703125,372.2200012207031,367.19000244140625,369.1600036621094,342211,0,0
2022-09-07 10:30:00-04:00,369.0751037597656,372.6000061035156,368.1300048828125,372.2349853515625,266261,0,0
2022-09-07 11:30:00-04:00,372.29998779296875,374.625,372.1499938964844,374.3599853515625,222602,0,0
2022-09-07 12:30:00-04:00,374.29998779296875,376.70001220703125,373.5299987792969,375.510009765625,201056,0,0
2022-09-07 13:30:00-04:00,375.69000244140625,379.3599853515625,375.4599914550781,379.3399963378906,237849,0,0
2022-09-07 14:30:00-04:00,379.3599853515625,381.5199890136719,378.9200134277344,381.1199951171875,295052,0,0
2022-09-07 15:30:00-04:00,381.0199890136719,381.1400146484375,379.3599853515625,379.7200012207031,393277,0,0
2022-09-08 09:30:00-04:00,377.20001220703125,384.8800048828125,375.2001037597656,383.6449890136719,701657,0,0
2022-09-08 10:30:00-04:00,383.260009765625,386.6099853515625,382.7699890136719,385.5899963378906,200990,0,0
2022-09-08 11:30:00-04:00,385.6000061035156,386.260009765625,378.1400146484375,379.6600036621094,264707,0,0
2022-09-08 12:30:00-04:00,379.4150085449219,383.2200012207031,379.2962951660156,382.70001220703125,153258,0,0
2022-09-08 13:30:00-04:00,382.739990234375,383.6499938964844,380.80999755859375,381.6300048828125,138797,0,0
2022-09-08 14:30:00-04:00,381.7900085449219,382.6199951171875,380.25,381.2650146484375,188573,0,0
2022-09-08 15:30:00-04:00,381.260009765625,383.69000244140625,380.4200134277344,383.6300048828125,291633,0,0
2022-09-09 09:30:00-04:00,390.19000244140625,395.5107116699219,389.6650085449219,394.3699951171875,795247,0,0
2022-09-09 10:30:00-04:00,394.4599914550781,395.9100036621094,392.7900085449219,393.82000732421875,272154,0,0
2022-09-09 11:30:00-04:00,393.79998779296875,394.989990234375,391.1449890136719,391.82000732421875,256711,0,0
2022-09-09 12:30:00-04:00,391.8699951171875,395.67999267578125,391.7749938964844,395.260009765625,189763,0,0
2022-09-09 13:30:00-04:00,395.4200134277344,396.0,394.17999267578125,395.29998779296875,174051,0,0
2022-09-09 14:30:00-04:00,395.30499267578125,395.75,393.6650085449219,395.0400085449219,230390,0,0
2022-09-09 15:30:00-04:00,395.010009765625,396.0899963378906,394.5400085449219,394.5899963378906,466052,0,0
2022-09-12 09:30:00-04:00,391.0899963378906,394.45001220703125,389.8175964355469,393.1199951171875,640172,0,0
2022-09-12 10:30:00-04:00,393.260009765625,393.4100036621094,389.2799987792969,393.2799987792969,437857,0,0
2022-09-12 11:30:00-04:00,393.4100036621094,393.5899963378906,390.739990234375,392.0799865722656,229808,0,0
2022-09-12 12:30:00-04:00,392.1199951171875,394.44000244140625,392.1199951171875,393.8800048828125,247429,0,0
2022-09-12 13:30:00-04:00,393.8599853515625,394.7900085449219,392.9855041503906,393.20001220703125,260867,0,0
2022-09-12 14:30:00-04:00,393.1300048828125,395.4800109863281,392.79998779296875,395.42999267578125,293379,0,0
2022-09-12 15:30:00-04:00,395.4200134277344,396.3900146484375,394.5299987792969,396.3599853515625,365469,0,0
2022-09-13 09:30:00-04:00,382.54998779296875,383.57501220703125,377.42999267578125,379.1300048828125,816507,0,0
2022-09-13 10:30:00-04:00,378.9587097167969,379.43499755859375,374.9150085449219,375.45001220703125,303750,0,0
2022-09-13 11:30:00-04:00,375.30999755859375,376.8699951171875,375.135009765625,375.9100036621094,241340,0,0
2022-09-13 12:30:00-04:00,375.7900085449219,377.9599914550781,375.3222961425781,377.8349914550781,242985,0,0
2022-09-13 13:30:00-04:00,377.7799987792969,377.989990234375,375.0,375.0899963378906,257179,0,0
2022-09-13 14:30:00-04:00,375.1499938964844,375.3299865722656,370.7699890136719,370.7699890136719,560801,0,0
2022-09-13 15:30:00-04:00,370.7900085449219,370.80499267578125,367.3699951171875,368.32000732421875,740156,0,0
2022-09-14 09:30:00-04:00,369.57000732421875,372.44000244140625,365.6099853515625,369.75,604073,0,0
2022-09-14 10:30:00-04:00,369.67498779296875,373.3699951171875,369.343994140625,371.4750061035156,422716,0,0
2022-09-14 11:30:00-04:00,371.55999755859375,373.32000732421875,370.57000732421875,372.4599914550781,247340,0,0
2022-09-14 12:30:00-04:00,372.5,374.239990234375,372.0400085449219,372.5400085449219,198803,0,0
2022-09-14 13:30:00-04:00,372.67498779296875,372.7900085449219,369.9700012207031,370.989990234375,220072,0,0
2022-09-14 14:30:00-04:00,370.9800109863281,371.32659912109375,367.7699890136719,368.7699890136719,306073,0,0
2022-09-14 15:30:00-04:00,368.69000244140625,371.92999267578125,367.6499938964844,371.6383972167969,474825,0,0
2022-09-15 09:30:00-04:00,323.1499938964844,328.9200134277344,316.30999755859375,323.2049865722656,8424717,0,0
2022-09-15 10:30:00-04:00,323.08819580078125,324.9700012207031,305.0,309.4800109863281,6213339,0,0
2022-09-15 11:30:00-04:00,309.4100036621094,314.1000061035156,306.5899963378906,307.1127014160156,3231333,0,0
2022-09-15 12:30:00-04:00,307.239990234375,315.2200012207031,307.1300048828125,313.5000915527344,2633311,0,0
2022-09-15 13:30:00-04:00,313.5299987792969,313.5299987792969,307.1199951171875,308.8699035644531,1788782,0,0
2022-09-15 14:30:00-04:00,308.7349853515625,310.239990234375,307.20001220703125,307.3599853515625,2149856,0,0
2022-09-15 15:30:00-04:00,307.3949890136719,310.1549987792969,307.07000732421875,309.0,2452758,0,0
2022-09-16 09:30:00-04:00,298.32000732421875,299.0,292.54998779296875,295.510009765625,4656411,0,0
2022-09-16 10:30:00-04:00,295.510009765625,298.79998779296875,293.8999938964844,295.125,2095948,0,0
2022-09-16 11:30:00-04:00,295.04998779296875,295.95001220703125,292.1400146484375,292.3500061035156,1640146,0,0
2022-09-16 12:30:00-04:00,292.375,297.0299987792969,292.260009765625,294.2900085449219,1092289,0,0
2022-09-16 13:30:00-04:00,294.2900085449219,295.3349914550781,293.0199890136719,294.95001220703125,866753,0,0
2022-09-16 14:30:00-04:00,294.9200134277344,298.30999755859375,294.39080810546875,296.2200927734375,1289281,0,0
2022-09-16 15:30:00-04:00,296.2200012207031,300.20001220703125,295.69500732421875,299.5,1589742,0,0
2022-09-19 09:30:00-04:00,294.8800048828125,299.2799987792969,293.4642028808594,295.98541259765625,2040802,0,0
2022-09-19 10:30:00-04:00,296.0,298.4007873535156,295.1650085449219,295.739990234375,967807,0,0
2022-09-19 11:30:00-04:00,295.69000244140625,295.94000244140625,293.7099914550781,294.75,556592,0,0
2022-09-19 12:30:00-04:00,294.7300109863281,297.07000732421875,294.3900146484375,296.8800048828125,564430,0,0
2022-09-19 13:30:00-04:00,296.80999755859375,296.8299865722656,294.1700134277344,295.04010009765625,502701,0,0
2022-09-19 14:30:00-04:00,295.1000061035156,297.0899963378906,294.1700134277344,296.0150146484375,581154,0,0
2022-09-19 15:30:00-04:00,296.05999755859375,296.7799987792969,295.5003967285156,296.0400085449219,861944,0,0
2022-09-20 09:30:00-04:00,292.82000732421875,292.8599853515625,287.8088073730469,290.5,1832050,0,0
2022-09-20 10:30:00-04:00,290.5,294.0799865722656,288.8900146484375,292.4599914550781,994117,0,0
2022-09-20 11:30:00-04:00,292.3599853515625,292.9200134277344,291.3175048828125,291.6600036621094,496516,0,0
2022-09-20 12:30:00-04:00,291.6600036621094,292.2300109863281,290.4700012207031,290.5400085449219,432740,0,0
2022-09-20 13:30:00-04:00,290.45001220703125,291.29998779296875,289.0400085449219,290.75,689546,0,0
2022-09-20 14:30:00-04:00,290.739990234375,292.5,290.2200012207031,290.9150085449219,549870,0,0
2022-09-20 15:30:00-04:00,290.989990234375,291.6400146484375,290.08709716796875,291.1199951171875,845643,0,0
2022-09-21 09:30:00-04:00,292.8399963378906,293.2200012207031,289.2099914550781,292.94000244140625,935034,0,0
2022-09-21 10:30:00-04:00,292.8500061035156,294.7699890136719,291.32000732421875,293.29998779296875,604424,0,0
2022-09-21 11:30:00-04:00,293.30999755859375,294.3800048828125,293.04998779296875,294.3800048828125,247351,0,0
2022-09-21 12:30:00-04:00,294.3800048828125,294.94000244140625,292.4700012207031,293.1099853515625,403520,0,0
2022-09-21 13:30:00-04:00,293.125,294.8999938964844,288.6950988769531,290.70001220703125,717806,0,0
2022-09-21 14:30:00-04:00,290.46319580078125,297.94000244140625,289.4700012207031,289.8299865722656,846758,0,0
2022-09-21 15:30:00-04:00,289.69000244140625,290.0150146484375,286.2200012207031,286.260009765625,713611,0,0
2022-09-22 09:30:00-04:00,282.0,285.6700134277344,280.05999755859375,285.1000061035156,1410932,0,0
2022-09-22 10:30:00-04:00,285.0799865722656,285.8800048828125,282.7200012207031,283.7200012207031,686059,0,0
2022-09-22 11:30:00-04:00,283.6050109863281,287.29998779296875,283.4678039550781,286.760009765625,591394,0,0
2022-09-22 12:30:00-04:00,286.7300109863281,287.739990234375,285.42999267578125,286.0199890136719,604420,0,0
2022-09-22 13:30:00-04:00,285.989990234375,287.739990234375,284.8800048828125,285.4100036621094,525838,0,0
2022-09-22 14:30:00-04:00,285.3699951171875,289.3399963378906,285.2349853515625,288.17999267578125,619968,0,0
2022-09-22 15:30:00-04:00,288.1200866699219,289.54998779296875,286.94000244140625,286.9700012207031,696512,0,0
2022-09-23 09:30:00-04:00,285.57000732421875,288.5537109375,283.55999755859375,287.2900085449219,1243250,0,0
2022-09-23 10:30:00-04:00,287.2799987792969,288.2300109863281,285.80499267578125,285.82000732421875,666984,0,0
2022-09-23 11:30:00-04:00,285.8900146484375,286.8999938964844,282.82000732421875,283.0806884765625,460925,0,0
2022-09-23 12:30:00-04:00,282.8800048828125,285.7300109863281,282.6000061035156,283.6734924316406,428387,0,0
2022-09-23 13:30:00-04:00,283.8500061035156,284.2900085449219,281.9541931152344,282.7200012207031,302946,0,0
2022-09-23 14:30:00-04:00,282.8800048828125,283.6099853515625,280.70001220703125,283.1499938964844,501039,0,0
2022-09-23 15:30:00-04:00,283.2699890136719,284.8999938964844,283.2099914550781,284.69000244140625,713915,0,0
2022-09-26 09:30:00-04:00,286.0299987792969,288.7749938964844,283.70001220703125,284.8699951171875,1303471,0,0
2022-09-26 10:30:00-04:00,284.8299865722656,285.1499938964844,280.17498779296875,280.6099853515625,928847,0,0
2022-09-26 11:30:00-04:00,280.6099853515625,281.6960144042969,279.1199951171875,279.5,600550,0,0
2022-09-26 12:30:00-04:00,279.5199890136719,281.1000061035156,278.29010009765625,278.87359619140625,555964,0,0
2022-09-26 13:30:00-04:00,278.8399963378906,279.9599914550781,277.739990234375,278.9700012207031,528746,0,0
2022-09-26 14:30:00-04:00,278.8599853515625,280.43499755859375,278.0199890136719,278.67999267578125,640671,0,0
2022-09-26 15:30:00-04:00,278.67999267578125,279.4512939453125,276.75,276.8699951171875,1081214,0,0
2022-09-27 09:30:00-04:00,281.70001220703125,284.5,278.6600036621094,279.7900085449219,1456920,0,0
2022-09-27 10:30:00-04:00,279.8999938964844,280.739990234375,277.2200012207031,277.6000061035156,732464,0,0
2022-09-27 11:30:00-04:00,277.5400085449219,279.1199035644531,275.05999755859375,275.4800109863281,788277,0,0
2022-09-27 12:30:00-04:00,275.4100036621094,276.3800048828125,274.8135986328125,276.0,639397,0,0
2022-09-27 13:30:00-04:00,275.9100036621094,276.1499938964844,274.8299865722656,275.20001220703125,585364,0,0
2022-09-27 14:30:00-04:00,275.2749938964844,277.3800048828125,274.7300109863281,276.0299987792969,762835,0,0
2022-09-27 15:30:00-04:00,275.9849853515625,278.1000061035156,275.3900146484375,277.57000732421875,966175,0,0
2022-09-28 09:30:00-04:00,280.3800048828125,280.3800048828125,275.3699951171875,279.6099853515625,994971,0,0
2022-09-28 10:30:00-04:00,279.6922912597656,280.45001220703125,278.2699890136719,279.05999755859375,502614,0,0
2022-09-28 11:30:00-04:00,278.9599914550781,281.239990234375,278.70001220703125,279.2200012207031,572221,0,0
2022-09-28 12:30:00-04:00,279.1099853515625,280.94000244140625,278.9516906738281,280.8500061035156,312650,0,0
2022-09-28 13:30:00-04:00,280.8970031738281,281.25,279.6600036621094,281.19000244140625,542128,0,0
2022-09-28 14:30:00-04:00,281.17999267578125,282.1400146484375,280.0199890136719,281.7200012207031,553919,0,0
2022-09-28 15:30:00-04:00,281.7200012207031,282.739990234375,281.19000244140625,281.3900146484375,807362,0,0
2022-09-29 09:30:00-04:00,277.79998779296875,279.5899963378906,275.010009765625,276.54998779296875,839392,0,0
2022-09-29 10:30:00-04:00,276.52020263671875,278.2007141113281,275.260009765625,278.15960693359375,554366,0,0
2022-09-29 11:30:00-04:00,278.18499755859375,279.29998779296875,277.1199951171875,278.15631103515625,502178,0,0
2022-09-29 12:30:00-04:00,278.1300048828125,279.19000244140625,277.92999267578125,278.4800109863281,398494,0,0
2022-09-29 13:30:00-04:00,278.510009765625,279.07000732421875,276.0299987792969,276.739990234375,444362,0,0
2022-09-29 14:30:00-04:00,276.70001220703125,278.0899963378906,276.3299865722656,276.7991943359375,729802,0,0
2022-09-29 15:30:00-04:00,276.7900085449219,278.8699951171875,276.6700134277344,278.3699951171875,1047917,0,0
2022-09-30 09:30:00-04:00,279.69000244140625,282.6199951171875,278.010009765625,281.2300109863281,881541,0,0
2022-09-30 10:30:00-04:00,281.4800109863281,284.2900085449219,281.0400085449219,283.70001220703125,384217,0,0
2022-09-30 11:30:00-04:00,283.57000732421875,283.8699951171875,280.6499938964844,281.57000732421875,394256,0,0
2022-09-30 12:30:00-04:00,281.3699951171875,282.4700012207031,280.6099853515625,282.1700134277344,397523,0,0
2022-09-30 13:30:00-04:00,282.1700134277344,282.29998779296875,278.42999267578125,278.94000244140625,420741,0,0
2022-09-30 14:30:00-04:00,278.94000244140625,279.68359375,276.2099914550781,277.32000732421875,404534,0,0
2022-09-30 15:30:00-04:00,277.33441162109375,277.9100036621094,274.8500061035156,275.2200012207031,834771,0,0
2022-10-03 09:30:00-04:00,278.2694091796875,282.4800109863281,277.0,281.6000061035156,670809,0,0
2022-10-03 10:30:00-04:00,281.6499938964844,283.0400085449219,281.3500061035156,282.2250061035156,369426,0,0
2022-10-03 11:30:00-04:00,282.3299865722656,282.3999938964844,280.5625,281.3450012207031,227702,0,0
2022-10-03 12:30:00-04:00,281.510009765625,284.3999938964844,280.9649963378906,284.3599853515625,256026,0,0
2022-10-03 13:30:00-04:00,284.45001220703125,285.1499938964844,284.239990234375,285.1294860839844,347554,0,0
2022-10-03 14:30:00-04:00,285.05999755859375,286.82000732421875,285.0400085449219,286.55999755859375,571618,0,0
2022-10-03 15:30:00-04:00,286.6099853515625,286.8500061035156,284.8399963378906,285.17999267578125,578748,0,0
2022-10-04 09:30:00-04:00,290.95001220703125,295.1499938964844,290.28179931640625,293.2099914550781,1103858,0,0
2022-10-04 10:30:00-04:00,293.1600036621094,296.0299987792969,292.8599853515625,295.25,710093,0,0
2022-10-04 11:30:00-04:00,295.2449951171875,296.69000244140625,294.1499938964844,296.6700134277344,558743,0,0
2022-10-04 12:30:00-04:00,296.7900085449219,296.7900085449219,292.3500061035156,292.80499267578125,353101,0,0
2022-10-04 13:30:00-04:00,292.7850036621094,294.9200134277344,292.7799987792969,293.4700012207031,321502,0,0
2022-10-04 14:30:00-04:00,293.4599914550781,295.4364929199219,293.27978515625,294.1545104980469,321139,0,0
2022-10-04 15:30:00-04:00,294.07000732421875,295.04998779296875,293.5799865722656,294.989990234375,548024,0,0
2022-10-05 09:30:00-04:00,291.4100036621094,294.8999938964844,289.3299865722656,289.67010498046875,504083,0,0
2022-10-05 10:30:00-04:00,289.42999267578125,291.6643981933594,289.17498779296875,291.4800109863281,316817,0,0
2022-10-05 11:30:00-04:00,291.4700012207031,294.1520080566406,291.05999755859375,293.4549865722656,291036,0,0
2022-10-05 12:30:00-04:00,293.45001220703125,296.1000061035156,292.8500061035156,294.9800109863281,386823,0,0
2022-10-05 13:30:00-04:00,294.9800109863281,296.114990234375,294.4599914550781,295.7699890136719,285516,0,0
2022-10-05 14:30:00-04:00,295.8399963378906,298.8086853027344,295.6050109863281,297.8299865722656,557217,0,0
2022-10-05 15:30:00-04:00,297.80499267578125,298.3299865722656,296.8599853515625,297.4100036621094,632222,0,0
2022-10-06 09:30:00-04:00,297.1499938964844,305.489990234375,297.1044921875,297.6300048828125,1937902,0,0
2022-10-06 10:30:00-04:00,297.5199890136719,302.1000061035156,297.4627990722656,301.8900146484375,594977,0,0
2022-10-06 11:30:00-04:00,301.8949890136719,303.1499938964844,299.82000732421875,301.1099853515625,503593,0,0
2022-10-06 12:30:00-04:00,301.1199951171875,302.04998779296875,300.04998779296875,300.5799865722656,295151,0,0
2022-10-06 13:30:00-04:00,300.57000732421875,300.989990234375,299.0726013183594,299.6700134277344,249144,0,0
2022-10-06 14:30:00-04:00,299.75,300.29998779296875,297.79998779296875,299.2950134277344,302931,0,0
2022-10-06 15:30:00-04:00,299.2650146484375,299.3299865722656,298.0281066894531,298.42401123046875,581723,0,0
2022-10-07 09:30:00-04:00,291.3599853515625,293.7049865722656,289.8699951171875,292.1400146484375,593346,0,0
2022-10-07 10:30:00-04:00,292.1400146484375,292.4291076660156,289.9819030761719,290.6499938964844,262914,0,0
2022-10-07 11:30:00-04:00,290.6099853515625,290.9549865722656,288.5799865722656,288.7699890136719,285203,0,0
2022-10-07 12:30:00-04:00,288.7699890136719,289.7900085449219,288.0,289.45001220703125,225421,0,0
2022-10-07 13:30:00-04:00,289.45001220703125,290.2688903808594,288.25,288.30999755859375,236537,0,0
2022-10-07 14:30:00-04:00,288.3599853515625,289.2300109863281,286.8949890136719,287.1700134277344,357067,0,0
2022-10-07 15:30:00-04:00,287.19000244140625,289.3999938964844,286.8299865722656,288.9100036621094,749389,0,0
2022-10-10 09:30:00-04:00,289.75,290.2799987792969,284.20001220703125,285.3299865722656,647101,0,0
2022-10-10 10:30:00-04:00,285.1700134277344,286.2200012207031,283.3500061035156,285.1499938964844,355701,0,0
2022-10-10 11:30:00-04:00,285.17999267578125,287.1000061035156,284.4599914550781,284.5799865722656,246307,0,0
2022-10-10 12:30:00-04:00,284.6700134277344,284.9800109863281,283.04998779296875,284.55999755859375,267311,0,0
2022-10-10 13:30:00-04:00,284.5199890136719,286.9212951660156,283.8299865722656,284.489990234375,361590,0,0
2022-10-10 14:30:00-04:00,284.4599914550781,287.1199951171875,284.1300964355469,285.7799987792969,283894,0,0
2022-10-10 15:30:00-04:00,285.75,287.1199951171875,285.3299865722656,285.6199951171875,422778,0,0
2022-10-11 09:30:00-04:00,285.69000244140625,286.29998779296875,281.44000244140625,283.5,511485,0,0
2022-10-11 10:30:00-04:00,283.44000244140625,287.2550048828125,282.8999938964844,286.80999755859375,441948,0,0
2022-10-11 11:30:00-04:00,287.0400085449219,288.2799987792969,285.3399963378906,286.8500061035156,375888,0,0
2022-10-11 12:30:00-04:00,286.885009765625,288.0,286.2099914550781,286.5899963378906,268524,0,0
2022-10-11 13:30:00-04:00,286.6000061035156,287.239990234375,284.8999938964844,285.7200012207031,231348,0,0
2022-10-11 14:30:00-04:00,285.7200012207031,286.0899963378906,281.55999755859375,282.8500061035156,355358,0,0
2022-10-11 15:30:00-04:00,282.8500061035156,285.20001220703125,282.01800537109375,284.9599914550781,540413,0,0
2022-10-12 09:30:00-04:00,284.69000244140625,289.1650085449219,283.0899963378906,286.82000732421875,490342,0,0
2022-10-12 10:30:00-04:00,286.7200012207031,288.4200134277344,285.0,288.30499267578125,388293,0,0
2022-10-12 11:30:00-04:00,288.3599853515625,289.7900085449219,287.4599914550781,288.260009765625,303505,0,0
2022-10-12 12:30:00-04:00,288.2200012207031,289.260009765625,287.2900085449219,289.0299987792969,206763,0,0
2022-10-12 13:30:00-04:00,289.0199890136719,289.17999267578125,286.9800109863281,288.5450134277344,266281,0,0
2022-10-12 14:30:00-04:00,288.510009765625,288.8299865722656,285.9200134277344,286.70001220703125,254117,0,0
2022-10-12 15:30:00-04:00,286.5780029296875,287.44000244140625,286.0400085449219,286.0450134277344,698052,0,0
2022-10-13 09:30:00-04:00,279.7099914550781,286.4150085449219,276.5950012207031,285.2699890136719,1161110,0,0
2022-10-13 10:30:00-04:00,285.1400146484375,296.8299865722656,284.3599853515625,293.8800048828125,783284,0,0
2022-10-13 11:30:00-04:00,293.989990234375,298.1700134277344,290.2950134277344,290.7749938964844,504417,0,0
2022-10-13 12:30:00-04:00,290.7799987792969,295.05999755859375,290.43499755859375,294.5199890136719,314913,0,0
2022-10-13 13:30:00-04:00,294.5799865722656,295.7485046386719,292.4599914550781,292.760009765625,366258,0,0
2022-10-13 14:30:00-04:00,292.7099914550781,296.30999755859375,292.6600036621094,294.82000732421875,460642,0,0
2022-10-13 15:30:00-04:00,294.7200012207031,296.0899963378906,293.5899963378906,294.57000732421875,629872,0,0
2022-10-14 09:30:00-04:00,295.1199951171875,297.5899963378906,290.239990234375,291.6199951171875,805543,0,0
2022-10-14 10:30:00-04:00,291.44000244140625,293.69000244140625,290.29998779296875,292.7349853515625,323221,0,0
2022-10-14 11:30:00-04:00,292.6600036621094,292.6600036621094,288.3900146484375,289.9100036621094,342193,0,0
2022-10-14 12:30:00-04:00,289.80999755859375,291.0299987792969,288.8299865722656,290.1000061035156,234187,0,0
2022-10-14 13:30:00-04:00,290.1650085449219,291.2250061035156,288.3399963378906,288.8800048828125,248189,0,0
2022-10-14 14:30:00-04:00,288.8399963378906,290.1400146484375,288.1000061035156,289.4649963378906,325715,0,0
2022-10-14 15:30:00-04:00,289.3800048828125,290.0899963378906,287.45001220703125,287.9800109863281,696044,0,0
2022-10-17 09:30:00-04:00,297.2799987792969,297.8999938964844,294.8500061035156,295.2799987792969,962751,0,0
2022-10-17 10:30:00-04:00,295.3699951171875,295.95001220703125,291.3999938964844,293.25,553827,0,0
2022-10-17 11:30:00-04:00,293.1300048828125,293.7950134277344,292.20001220703125,293.3212890625,460200,0,0
2022-10-17 12:30:00-04:00,293.3299865722656,293.80999755859375,291.5,291.7799987792969,289339,0,0
2022-10-17 13:30:00-04:00,291.8399963378906,293.28009033203125,291.7200012207031,292.8699951171875,326243,0,0
2022-10-17 14:30:00-04:00,292.8399963378906,294.7972106933594,292.6099853515625,294.70001220703125,417297,0,0
2022-10-17 15:30:00-04:00,294.67498779296875,294.864990234375,292.92999267578125,293.4100036621094,730633,0,0
2022-10-21 09:30:00-04:00,300.989990234375,303.6099853515625,298.2900085449219,300.510009765625,720352,0,0
2022-10-21 10:30:00-04:00,300.57000732421875,301.7499084472656,298.8399963378906,300.8800048828125,460763,0,0
2022-10-21 11:30:00-04:00,300.8800048828125,304.67999267578125,300.0050048828125,302.3900146484375,406058,0,0
2022-10-21 12:30:00-04:00,302.4100036621094,304.54998779296875,302.1199951171875,303.6449890136719,248182,0,0
2022-10-21 13:30:00-04:00,303.7149963378906,306.6499938964844,303.4501037597656,305.3399963378906,300289,0,0
2022-10-21 14:30:00-04:00,305.489990234375,307.17999267578125,304.0,306.8900146484375,345401,0,0
2022-10-21 15:30:00-04:00,306.9599914550781,307.42999267578125,306.20001220703125,306.29998779296875,677827,0,0
2022-10-24 09:30:00-04:00,308.42999267578125,313.5899963378906,306.20001220703125,307.489990234375,922485,0,0
2022-10-24 10:30:00-04:00,307.3500061035156,312.0400085449219,307.1199951171875,312.0400085449219,558579,0,0
2022-10-24 11:30:00-04:00,312.16949462890625,313.92999267578125,311.3599853515625,312.7200012207031,509629,0,0
2022-10-24 12:30:00-04:00,312.80499267578125,314.0400085449219,311.7900085449219,312.489990234375,377256,0,0
2022-10-24 13:30:00-04:00,312.4599914550781,315.5299987792969,312.0199890136719,315.1400146484375,373434,0,0
2022-10-24 14:30:00-04:00,315.1000061035156,317.3290100097656,315.07000732421875,317.0400085449219,567582,0,0
2022-10-24 15:30:00-04:00,317.0199890136719,317.1000061035156,315.875,316.3599853515625,849838,0,0
2022-10-25 09:30:00-04:00,319.1199951171875,320.6499938964844,316.739990234375,318.8800048828125,837763,0,0
2022-10-25 10:30:00-04:00,318.8800048828125,321.760009765625,318.4599914550781,321.510009765625,390811,0,0
2022-10-25 11:30:00-04:00,321.54998779296875,323.9197998046875,321.3699951171875,323.57000732421875,425971,0,0
2022-10-25 12:30:00-04:00,323.489990234375,323.5400085449219,321.4100036621094,322.70001220703125,332048,0,0
2022-10-25 13:30:00-04:00,322.70001220703125,323.2900085449219,321.95001220703125,323.239990234375,252166,0,0
2022-10-25 14:30:00-04:00,323.1700134277344,323.8500061035156,322.1300048828125,323.7550048828125,343698,0,0
2022-10-25 15:30:00-04:00,323.7099914550781,324.2300109863281,323.1099853515625,323.8699951171875,615397,0,0
2022-10-26 09:30:00-04:00,318.1600036621094,328.5,316.5400085449219,328.19000244140625,1075088,0,0
2022-10-26 10:30:00-04:00,328.25,330.58489990234375,326.7799987792969,329.30999755859375,541411,0,0
2022-10-26 11:30:00-04:00,329.17999267578125,330.3900146484375,326.8299865722656,326.9700012207031,429256,0,0
2022-10-26 12:30:00-04:00,326.95001220703125,327.8999938964844,323.1499938964844,323.1499938964844,306219,0,0
2022-10-26 13:30:00-04:00,323.2799987792969,324.9800109863281,322.4599914550781,322.6099853515625,296640,0,0
2022-10-26 14:30:00-04:00,322.6724853515625,322.8599853515625,320.9100036621094,321.2300109863281,412180,0,0
2022-10-26 15:30:00-04:00,321.1499938964844,322.1390075683594,320.05999755859375,320.489990234375,631425,0,0
2022-10-27 09:30:00-04:00,322.9599914550781,323.8500061035156,318.17999267578125,322.94000244140625,604714,0,0
2022-10-27 10:30:00-04:00,322.7749938964844,323.3299865722656,317.0,317.2200012207031,390611,0,0
2022-10-27 11:30:00-04:00,317.1400146484375,319.45001220703125,316.8699951171875,317.0,264841,0,0
2022-10-27 12:30:00-04:00,317.0,319.7200012207031,316.95001220703125,318.4200134277344,224911,0,0
2022-10-27 13:30:00-04:00,318.4100036621094,318.7300109863281,317.0400085449219,318.0899963378906,169582,0,0
2022-10-27 14:30:00-04:00,318.114990234375,319.7099914550781,317.8800048828125,319.6449890136719,288847,0,0
2022-10-27 15:30:00-04:00,319.5950012207031,320.114990234375,318.1199951171875,318.6700134277344,451645,0,0
2022-10-28 13:30:00-04:00,324.0899963378906,324.8786926269531,324.0799865722656,324.54998779296875,1801579,0,0
2022-10-28 14:30:00-04:00,324.6199951171875,326.5199890136719,324.2749938964844,326.375,272194,0,0
2022-10-28 15:30:00-04:00,326.3550109863281,326.4700012207031,325.4599914550781,325.67999267578125,386569,0,0
2022-10-31 09:30:00-04:00,323.489990234375,325.5799865722656,319.7749938964844,319.7900085449219,507043,0,0
2022-10-31 10:30:00-04:00,319.6401062011719,321.3800048828125,319.1499938964844,319.8399963378906,334335,0,0
2022-10-31 11:30:00-04:00,319.82501220703125,321.364013671875,318.8599853515625,319.7699890136719,283800,0,0
2022-10-31 12:30:00-04:00,319.6549987792969,319.8999938964844,318.010009765625,319.6700134277344,262741,0,0
2022-10-31 13:30:00-04:00,319.8399963378906,320.2099914550781,317.4200134277344,317.9849853515625,314272,0,0
2022-10-31 14:30:00-04:00,318.0,319.7799987792969,317.82000732421875,318.57000732421875,328664,0,0
2022-10-31 15:30:00-04:00,318.4800109863281,319.6400146484375,318.0400085449219,318.6199951171875,559251,0,0
2022-11-01 09:30:00-04:00,321.010009765625,322.8399963378906,315.69000244140625,318.1400146484375,430868,0,0
2022-11-01 10:30:00-04:00,318.3800048828125,319.0050048828125,315.3599853515625,317.5400085449219,304482,0,0
2022-11-01 11:30:00-04:00,317.4949951171875,317.875,317.0849914550781,317.1199951171875,381116,0,0
2022-11-01 12:30:00-04:00,313.2099914550781,316.55999755859375,313.2099914550781,315.9150085449219,173607,0,0
2022-11-01 13:30:00-04:00,315.8463134765625,317.2699890136719,315.010009765625,317.2699890136719,190419,0,0
2022-11-01 14:30:00-04:00,317.2799987792969,318.239990234375,316.45001220703125,317.0799865722656,205188,0,0
2022-11-01 15:30:00-04:00,317.1099853515625,317.25,315.94000244140625,315.9700012207031,375655,0,0
2022-11-02 11:30:00-04:00,309.3699951171875,309.7699890136719,308.735595703125,309.0899963378906,969276,0,0
2022-11-02 12:30:00-04:00,309.1199951171875,311.2200012207031,309.0942077636719,310.32000732421875,225375,0,0
2022-11-02 13:30:00-04:00,310.32000732421875,316.8699951171875,309.8800048828125,316.4100036621094,435944,0,0
2022-11-02 14:30:00-04:00,316.6099853515625,317.0,303.010009765625,304.1499938964844,568266,0,0
2022-11-02 15:30:00-04:00,303.9100036621094,304.5869140625,301.0899963378906,301.1300048828125,743098,0,0
2022-11-03 09:30:00-04:00,297.07000732421875,299.6099853515625,292.760009765625,294.8760070800781,926050,0,0
2022-11-03 10:30:00-04:00,294.93499755859375,295.9800109863281,291.4700012207031,291.6000061035156,878624,0,0
2022-11-03 11:30:00-04:00,291.4700012207031,291.6099853515625,288.5,290.8699951171875,542586,0,0
2022-11-03 12:30:00-04:00,290.6600036621094,292.25,288.6199951171875,288.7091979980469,314117,0,0
2022-11-03 13:30:00-04:00,288.6499938964844,290.1600036621094,288.1000061035156,289.67999267578125,438951,0,0
2022-11-03 14:30:00-04:00,289.54998779296875,290.1700134277344,288.67999267578125,288.95001220703125,349427,0,0
2022-11-03 15:30:00-04:00,288.9425048828125,289.1199951171875,285.3699951171875,285.9700012207031,948392,0,0
2022-11-04 09:30:00-04:00,290.3800048828125,291.010009765625,280.42999267578125,284.760009765625,1215066,0,0
2022-11-04 10:30:00-04:00,284.7200012207031,286.739990234375,282.2699890136719,282.3500061035156,778451,0,0
2022-11-04 11:30:00-04:00,282.3500061035156,282.94000244140625,279.55999755859375,280.92999267578125,655842,0,0
2022-11-04 12:30:00-04:00,280.94000244140625,282.07000732421875,278.9411926269531,279.68499755859375,458108,0,0
2022-11-04 13:30:00-04:00,279.760009765625,280.6199951171875,278.2300109863281,280.2799987792969,542889,0,0
2022-11-04 14:30:00-04:00,280.2300109863281,283.8699951171875,279.8500061035156,283.32501220703125,491876,0,0
2022-11-04 15:30:00-04:00,283.3550109863281,286.1300048828125,282.79998779296875,285.8500061035156,901674,0,0
2022-11-07 09:30:00-05:00,288.9700012207031,293.20001220703125,287.6400146484375,290.760009765625,632619,0,0
2022-11-07 10:30:00-05:00,290.8500061035156,294.29998779296875,289.760009765625,293.8800048828125,426181,0,0
2022-11-07 11:30:00-05:00,293.9549865722656,293.9549865722656,291.0,292.6499938964844,312217,0,0
2022-11-07 12:30:00-05:00,292.75,295.9198913574219,292.4100036621094,295.6300048828125,369739,0,0
2022-11-07 13:30:00-05:00,295.67999267578125,298.239990234375,295.0,297.9800109863281,334060,0,0
2022-11-07 14:30:00-05:00,298.0400085449219,299.8900146484375,297.80999755859375,299.54998779296875,530478,0,0
2022-11-07 15:30:00-05:00,299.5199890136719,300.3550109863281,298.8699951171875,299.6099853515625,674981,0,0
2022-11-08 09:30:00-05:00,301.1499938964844,305.6300048828125,299.54010009765625,304.2300109863281,670555,0,0
2022-11-08 10:30:00-05:00,304.2300109863281,308.2900085449219,303.9617004394531,308.239990234375,371906,0,0
2022-11-08 11:30:00-05:00,308.2699890136719,309.8999938964844,307.32000732421875,307.8900146484375,462654,0,0
2022-11-08 12:30:00-05:00,307.8399963378906,307.9700012207031,303.9599914550781,304.1000061035156,347510,0,0
2022-11-08 13:30:00-05:00,304.0899963378906,304.7900085449219,298.5,298.5,424361,0,0
2022-11-08 14:30:00-05:00,298.489990234375,302.3999938964844,297.7699890136719,302.3949890136719,597375,0,0
2022-11-08 15:30:00-05:00,302.3500061035156,304.0299987792969,301.7900085449219,302.19000244140625,574502,0,0
2022-11-09 09:30:00-05:00,299.6499938964844,301.29998779296875,298.010009765625,299.29998779296875,349310,0,0
2022-11-09 10:30:00-05:00,299.2900085449219,301.20001220703125,297.6000061035156,300.67498779296875,280205,0,0
2022-11-09 11:30:00-05:00,300.6700134277344,303.2900085449219,300.1600036621094,302.0400085449219,317981,0,0
2022-11-09 12:30:00-05:00,302.0299987792969,302.45001220703125,299.7699890136719,299.8699951171875,205174,0,0
2022-11-09 13:30:00-05:00,299.8500061035156,300.7799987792969,298.32000732421875,299.9049987792969,244156,0,0
2022-11-09 14:30:00-05:00,299.7699890136719,299.9800109863281,297.3500061035156,299.7300109863281,324642,0,0
2022-11-09 15:30:00-05:00,299.7799987792969,300.44989013671875,298.7200012207031,298.8500061035156,587992,0,0
2022-11-10 09:30:00-05:00,318.54998779296875,326.8699951171875,317.8699951171875,320.42999267578125,1307528,0,0
2022-11-10 10:30:00-05:00,320.6000061035156,325.1700134277344,318.5972900390625,324.8500061035156,522145,0,0
2022-11-10 11:30:00-05:00,324.80999755859375,327.2554931640625,324.49951171875,326.8900146484375,531863,0,0
2022-11-10 12:30:00-05:00,326.7900085449219,326.8500061035156,325.1400146484375,325.6099853515625,402485,0,0
2022-11-10 13:30:00-05:00,325.75,327.7699890136719,325.3399963378906,327.739990234375,352503,0,0
2022-11-10 14:30:00-05:00,327.7250061035156,329.5398864746094,327.00079345703125,329.1600036621094,403460,0,0
2022-11-10 15:30:00-05:00,329.1600036621094,330.3699951171875,328.1600036621094,329.8399963378906,1060707,0,0
2022-11-11 09:30:00-05:00,330.3399963378906,337.26251220703125,329.489990234375,336.32000732421875,852010,0,0
2022-11-11 10:30:00-05:00,336.3299865722656,339.5299987792969,334.9750061035156,335.1953125,594892,0,0
2022-11-11 11:30:00-05:00,334.92999267578125,339.4700012207031,334.5415954589844,339.1099853515625,340468,0,0
2022-11-11 12:30:00-05:00,339.1000061035156,341.1700134277344,338.54998779296875,341.0799865722656,309133,0,0
2022-11-11 13:30:00-05:00,341.1199951171875,342.30999755859375,340.3399963378906,340.79998779296875,392566,0,0
2022-11-11 14:30:00-05:00,340.7900085449219,341.1199951171875,337.7699890136719,339.67999267578125,517412,0,0
2022-11-11 15:30:00-05:00,339.69000244140625,341.5299987792969,339.6300048828125,341.1000061035156,617165,0,0
2022-11-14 09:30:00-05:00,338.07000732421875,341.57501220703125,334.42498779296875,339.3395080566406,633220,0,0
2022-11-14 10:30:00-05:00,339.0,340.2799987792969,337.8399963378906,339.1700134277344,411262,0,0
2022-11-14 11:30:00-05:00,339.1600036621094,342.3900146484375,338.8774108886719,341.9700012207031,332256,0,0
2022-11-14 12:30:00-05:00,341.9800109863281,343.29998779296875,341.6099853515625,343.20001220703125,278668,0,0
2022-11-14 13:30:00-05:00,343.2449951171875,345.1099853515625,342.6700134277344,344.8056945800781,330970,0,0
2022-11-14 14:30:00-05:00,344.77679443359375,344.8500061035156,342.8800048828125,343.56500244140625,373592,0,0
2022-11-14 15:30:00-05:00,343.5450134277344,343.6600036621094,340.07000732421875,340.3699951171875,515792,0,0
2022-11-15 09:30:00-05:00,348.4100036621094,350.96990966796875,347.1700134277344,348.29998779296875,605443,0,0
2022-11-15 10:30:00-05:00,348.1000061035156,349.1300048828125,345.9501037597656,347.1499938964844,403246,0,0
2022-11-15 11:30:00-05:00,347.2799987792969,349.5119934082031,347.25,348.5945129394531,298891,0,0
2022-11-15 12:30:00-05:00,348.489990234375,349.7699890136719,344.6700134277344,345.4949951171875,281962,0,0
2022-11-15 13:30:00-05:00,345.4200134277344,348.05999755859375,342.55999755859375,346.6600036621094,345850,0,0
2022-11-15 14:30:00-05:00,346.5950012207031,347.7699890136719,345.0600891113281,346.5199890136719,286561,0,0
2022-11-15 15:30:00-05:00,346.3450012207031,346.7200012207031,345.1199951171875,346.1199951171875,365821,0,0
2022-11-16 09:30:00-05:00,345.0,345.0150146484375,338.3299865722656,338.6400146484375,421292,0,0
2022-11-16 10:30:00-05:00,338.8800048828125,339.8900146484375,336.7200012207031,339.2300109863281,239672,0,0
2022-11-16 11:30:00-05:00,339.1199951171875,340.6600036621094,338.5450134277344,340.17999267578125,211872,0,0
2022-11-16 12:30:00-05:00,340.05999755859375,342.0,339.8500061035156,340.8399963378906,148159,0,0
2022-11-16 13:30:00-05:00,340.8900146484375,341.0799865722656,337.7900085449219,339.55999755859375,174753,0,0
2022-11-16 14:30:00-05:00,339.489990234375,340.3599853515625,337.9100036621094,338.80999755859375,258274,0,0
2022-11-16 15:30:00-05:00,338.69000244140625,339.30499267578125,338.0799865722656,338.4200134277344,310494,0,0
2022-11-17 09:30:00-05:00,331.739990234375,335.25,329.3500061035156,333.3042907714844,508717,0,0
2022-11-17 10:30:00-05:00,333.2001037597656,333.55999755859375,329.5632019042969,331.6744079589844,289775,0,0
2022-11-17 11:30:00-05:00,331.739990234375,337.1199951171875,331.6499938964844,336.3599853515625,264932,0,0
2022-11-17 12:30:00-05:00,336.45001220703125,339.3550109863281,336.0,338.7099914550781,206424,0,0
2022-11-17 13:30:00-05:00,338.8699951171875,339.8699035644531,336.0799865722656,336.19000244140625,233822,0,0
2022-11-17 14:30:00-05:00,336.1400146484375,337.1199951171875,334.6050109863281,334.7749938964844,265455,0,0
2022-11-17 15:30:00-05:00,334.7749938964844,338.07000732421875,334.70001220703125,337.92498779296875,428695,0,0
2022-11-18 09:30:00-05:00,344.29998779296875,344.70001220703125,332.2799987792969,333.2099914550781,603854,0,0
2022-11-18 10:30:00-05:00,333.4700012207031,334.29998779296875,330.19000244140625,332.3450012207031,315091,0,0
2022-11-18 11:30:00-05:00,332.3900146484375,332.9700012207031,329.79998779296875,330.5950012207031,213186,0,0
2022-11-18 12:30:00-05:00,330.69000244140625,332.510009765625,330.239990234375,331.5450134277344,168497,0,0
2022-11-18 13:30:00-05:00,331.5802917480469,331.7049865722656,329.6300048828125,329.67999267578125,317648,0,0
2022-11-18 14:30:00-05:00,329.6199951171875,331.8699951171875,329.1383056640625,331.05999755859375,454273,0,0
2022-11-18 15:30:00-05:00,331.04998779296875,331.6600036621094,329.364990234375,330.92999267578125,809036,0,0
2022-11-21 09:30:00-05:00,329.5299987792969,330.25,323.1099853515625,323.8599853515625,468198,0,0
2022-11-21 10:30:00-05:00,323.82000732421875,324.5799865722656,321.2699890136719,323.489990234375,615750,0,0
2022-11-21 11:30:00-05:00,323.5899963378906,324.2799987792969,321.92498779296875,322.2087097167969,282884,0,0
2022-11-21 12:30:00-05:00,322.1400146484375,323.25,321.4599914550781,322.94000244140625,303951,0,0
2022-11-21 13:30:00-05:00,322.9700012207031,324.1499938964844,322.5299987792969,322.6300048828125,229140,0,0
2022-11-21 14:30:00-05:00,322.54998779296875,322.7699890136719,320.9200134277344,321.04998779296875,338083,0,0
2022-11-21 15:30:00-05:00,321.0899963378906,322.3949890136719,320.6000061035156,321.5299987792969,534176,0,0
2022-11-22 09:30:00-05:00,322.489990234375,325.95001220703125,320.20001220703125,325.66119384765625,570689,0,0
2022-11-22 10:30:00-05:00,325.4800109863281,327.95001220703125,324.3599853515625,327.04998779296875,266062,0,0
2022-11-22 11:30:00-05:00,327.04998779296875,328.7149963378906,326.010009765625,327.760009765625,233151,0,0
2022-11-22 12:30:00-05:00,327.7799987792969,329.69500732421875,327.3999938964844,329.3299865722656,251418,0,0
2022-11-22 13:30:00-05:00,329.32000732421875,330.1700134277344,328.45001220703125,329.05999755859375,213972,0,0
2022-11-22 14:30:00-05:00,328.989990234375,330.7300109863281,328.29998779296875,330.4800109863281,307076,0,0
2022-11-22 15:30:00-05:00,330.45001220703125,331.5400085449219,330.32000732421875,330.8800048828125,330328,0,0
2022-11-23 09:30:00-05:00,329.92999267578125,335.1199951171875,327.5899963378906,334.5799865722656,497142,0,0
2022-11-23 10:30:00-05:00,334.489990234375,337.7998046875,334.489990234375,336.7799987792969,279204,0,0
2022-11-23 11:30:00-05:00,336.6700134277344,336.6700134277344,333.17999267578125,335.2099914550781,253571,0,0
2022-11-23 12:30:00-05:00,335.32000732421875,335.4700012207031,333.29998779296875,335.2898864746094,146682,0,0
2022-11-23 13:30:00-05:00,335.2799987792969,338.5,335.19000244140625,337.55999755859375,273952,0,0
2022-11-23 14:30:00-05:00,337.489990234375,337.5899963378906,336.0,336.7854919433594,195827,0,0
2022-11-23 15:30:00-05:00,336.69000244140625,336.7349853515625,335.05999755859375,335.8599853515625,300831,0,0
2022-11-25 09:30:00-05:00,332.885009765625,335.510009765625,332.04998779296875,332.9200134277344,389506,0,0
2022-11-25 10:30:00-05:00,332.864990234375,333.864990234375,332.5799865722656,332.8399963378906,192110,0,0
2022-11-25 11:30:00-05:00,332.8399963378906,333.57000732421875,332.010009765625,333.57000732421875,184239,0,0
2022-11-25 13:00:00-05:00,333.489990234375,334.42999267578125,333.3301086425781,333.8299865722656,0,0,0
2022-11-28 09:30:00-05:00,335.8299865722656,338.19000244140625,332.2349853515625,332.489990234375,503468,0,0
2022-11-28 10:30:00-05:00,332.29998779296875,333.96771240234375,332.29998779296875,332.5450134277344,234494,0,0
2022-11-28 11:30:00-05:00,332.5249938964844,333.3299865722656,331.4501037597656,332.45001220703125,205814,0,0
2022-11-28 12:30:00-05:00,332.44000244140625,333.4599914550781,331.1321105957031,332.0350036621094,125003,0,0
2022-11-28 13:30:00-05:00,332.1199951171875,332.42999267578125,329.4700012207031,329.510009765625,169425,0,0
2022-11-28 14:30:00-05:00,329.45001220703125,330.4100036621094,328.06500244140625,328.3699951171875,226506,0,0
2022-11-28 15:30:00-05:00,328.3999938964844,329.3800048828125,328.20001220703125,328.9700012207031,483920,0,0
2022-11-29 09:30:00-05:00,326.69000244140625,329.70001220703125,325.5299987792969,327.489990234375,457883,0,0
2022-11-29 10:30:00-05:00,327.6099853515625,328.1000061035156,323.6748962402344,324.82000732421875,342829,0,0
2022-11-29 11:30:00-05:00,324.7300109863281,326.7231140136719,324.5799865722656,326.3999938964844,227340,0,0
2022-11-29 12:30:00-05:00,326.45001220703125,327.5224914550781,324.7900085449219,324.95001220703125,276169,0,0
2022-11-29 13:30:00-05:00,324.8399963378906,327.57000732421875,324.6000061035156,326.55999755859375,139922,0,0
2022-11-29 14:30:00-05:00,326.4599914550781,326.4599914550781,325.4700012207031,326.1700134277344,170754,0,0
2022-11-29 15:30:00-05:00,326.1600036621094,327.20001220703125,325.8299865722656,326.7799987792969,346195,0,0
2022-11-30 09:30:00-05:00,327.1199951171875,332.239990234375,326.3800048828125,331.0400085449219,481891,0,0
2022-11-30 10:30:00-05:00,330.95001220703125,331.0799865722656,329.2445068359375,330.0,166205,0,0
2022-11-30 11:30:00-05:00,330.0799865722656,331.3500061035156,328.45001220703125,329.0600891113281,208457,0,0
2022-11-30 12:30:00-05:00,328.8299865722656,330.04998779296875,328.5,329.3900146484375,127246,0,0
2022-11-30 13:30:00-05:00,329.2799987792969,343.79998779296875,328.82000732421875,341.9400939941406,397674,0,0
2022-11-30 14:30:00-05:00,341.8900146484375,343.1549987792969,339.6499938964844,343.1199951171875,422718,0,0
2022-11-30 15:30:00-05:00,343.1199951171875,345.0299987792969,342.489990234375,345.0,734929,0,0
2022-12-01 09:30:00-05:00,348.0299987792969,350.6700134277344,343.1199951171875,343.8800048828125,690544,0,0
2022-12-01 10:30:00-05:00,343.7799987792969,346.2900085449219,342.9800109863281,343.94000244140625,500292,0,0
2022-12-01 11:30:00-05:00,343.8900146484375,344.3500061035156,341.5,343.3800048828125,301710,0,0
2022-12-01 12:30:00-05:00,343.3999938964844,344.4599914550781,342.3599853515625,343.1700134277344,230409,0,0
2022-12-01 13:30:00-05:00,343.1600036621094,345.1300048828125,343.0899963378906,344.1689147949219,256423,0,0
2022-12-01 14:30:00-05:00,344.1199951171875,345.04998779296875,343.6600036621094,344.30999755859375,357568,0,0
2022-12-01 15:30:00-05:00,344.3399963378906,345.0299987792969,343.79998779296875,344.1099853515625,504505,0,0
2022-12-02 09:30:00-05:00,337.20001220703125,339.6700134277344,334.2225036621094,338.05999755859375,676650,0,0
2022-12-02 10:30:00-05:00,338.0199890136719,339.92999267578125,337.010009765625,339.2412109375,555900,0,0
2022-12-02 11:30:00-05:00,339.3349914550781,341.6099853515625,338.2799987792969,340.75,302880,0,0
2022-12-02 12:30:00-05:00,340.7950134277344,341.07000732421875,339.1400146484375,340.9700012207031,145503,0,0
2022-12-02 13:30:00-05:00,340.8999938964844,341.2699890136719,339.8651123046875,340.94000244140625,162015,0,0
2022-12-02 14:30:00-05:00,340.80999755859375,343.527587890625,340.1499938964844,342.2799987792969,245323,0,0
2022-12-02 15:30:00-05:00,342.30999755859375,342.5889892578125,340.55218505859375,341.5799865722656,292283,0,0
2022-12-05 09:30:00-05:00,337.79998779296875,340.510009765625,333.3299865722656,334.6700134277344,400629,0,0
2022-12-05 10:30:00-05:00,334.6700134277344,336.6300048828125,334.1700134277344,334.95001220703125,303327,0,0
2022-12-05 11:30:00-05:00,334.8699951171875,335.1700134277344,333.2099914550781,334.510009765625,193874,0,0
2022-12-05 12:30:00-05:00,334.4849853515625,334.55999755859375,332.1099853515625,333.7300109863281,242397,0,0
2022-12-05 13:30:00-05:00,333.94000244140625,334.29998779296875,331.489990234375,331.5150146484375,218972,0,0
2022-12-05 14:30:00-05:00,331.45001220703125,332.3599853515625,330.8299865722656,331.9800109863281,295883,0,0
2022-12-05 15:30:00-05:00,331.9200134277344,334.6199951171875,331.9200134277344,334.1000061035156,438716,0,0
2022-12-06 09:30:00-05:00,334.0899963378906,334.2200012207031,329.4200134277344,331.1499938964844,306519,0,0
2022-12-06 10:30:00-05:00,331.0299987792969,331.8500061035156,329.9117126464844,330.92999267578125,175556,0,0
2022-12-06 11:30:00-05:00,331.0199890136719,331.9800109863281,329.05999755859375,330.1000061035156,186714,0,0
2022-12-06 12:30:00-05:00,330.0799865722656,330.6499938964844,328.8699951171875,328.8699951171875,145738,0,0
2022-12-06 13:30:00-05:00,328.75,329.45001220703125,327.92999267578125,328.0,188741,0,0
2022-12-06 14:30:00-05:00,327.8299865722656,330.4700012207031,327.3949890136719,329.1600036621094,280696,0,0
2022-12-06 15:30:00-05:00,329.17498779296875,331.8900146484375,329.17498779296875,331.1400146484375,492153,0,0
2022-12-07 09:30:00-05:00,327.5299987792969,330.489990234375,325.5400085449219,329.32000732421875,386917,0,0
2022-12-07 10:30:00-05:00,329.2900085449219,331.0,326.79998779296875,326.9100036621094,190081,0,0
2022-12-07 11:30:00-05:00,326.8399963378906,328.4100036621094,326.20001220703125,327.55999755859375,248024,0,0
2022-12-07 12:30:00-05:00,327.75,329.0199890136719,326.92999267578125,328.80999755859375,169872,0,0
2022-12-07 13:30:00-05:00,328.5150146484375,328.739990234375,326.1199951171875,326.7200012207031,160232,0,0
2022-12-07 14:30:00-05:00,326.69000244140625,327.2099914550781,325.489990234375,326.1559143066406,208263,0,0
2022-12-07 15:30:00-05:00,326.2300109863281,327.1700134277344,326.1499938964844,326.6099853515625,252291,0,0
2022-12-08 09:30:00-05:00,325.7099914550781,333.6700134277344,324.3450012207031,333.1300048828125,409250,0,0
2022-12-08 10:30:00-05:00,333.2300109863281,334.3699951171875,331.3900146484375,333.04998779296875,232930,0,0
2022-12-08 11:30:00-05:00,333.07000732421875,334.8599853515625,332.92999267578125,333.7550048828125,191408,0,0
2022-12-08 12:30:00-05:00,333.760009765625,334.9800109863281,333.4949951171875,334.9800109863281,124628,0,0
2022-12-08 13:30:00-05:00,334.9200134277344,336.20050048828125,332.07501220703125,332.3599853515625,192167,0,0
2022-12-08 14:30:00-05:00,332.385009765625,333.7099914550781,331.55999755859375,333.6499938964844,168556,0,0
2022-12-08 15:30:00-05:00,333.69000244140625,333.82501220703125,331.42999267578125,332.5799865722656,348055,0,0
2022-12-09 09:30:00-05:00,331.5,332.2998962402344,328.5,331.67498779296875,376118,0,0
2022-12-09 10:30:00-05:00,332.0400085449219,333.739990234375,332.0325012207031,332.57000732421875,238404,0,0
2022-12-09 11:30:00-05:00,332.760009765625,333.989990234375,331.8599853515625,333.6300048828125,195187,0,0
2022-12-09 12:30:00-05:00,333.80999755859375,334.69000244140625,332.94000244140625,333.4800109863281,156001,0,0
2022-12-09 13:30:00-05:00,333.489990234375,334.0799865722656,332.1400146484375,332.6700134277344,188504,0,0
2022-12-09 14:30:00-05:00,332.510009765625,332.7398986816406,331.5199890136719,332.19000244140625,146570,0,0
2022-12-09 15:30:00-05:00,332.0799865722656,332.510009765625,330.1300048828125,330.4700012207031,286263,0,0
2022-12-12 09:30:00-05:00,334.25,337.6300048828125,330.6400146484375,337.07000732421875,604370,0,0
2022-12-12 10:30:00-05:00,336.8900146484375,337.6099853515625,335.6199951171875,336.1700134277344,296801,0,0
2022-12-12 11:30:00-05:00,336.17999267578125,337.3900146484375,335.5899963378906,336.0799865722656,266061,0,0
2022-12-12 12:30:00-05:00,336.1199951171875,336.6099853515625,334.79998779296875,335.70001220703125,219868,0,0
2022-12-12 13:30:00-05:00,335.69000244140625,336.2650146484375,335.3599853515625,335.80999755859375,219190,0,0
2022-12-12 14:30:00-05:00,335.79998779296875,337.6400146484375,334.75,337.3999938964844,345809,0,0
2022-12-12 15:30:00-05:00,337.5,338.2699890136719,336.2200012207031,338.20001220703125,417368,0,0
2022-12-13 09:30:00-05:00,353.6300048828125,355.6700134277344,346.69000244140625,346.9599914550781,884558,0,0
2022-12-13 10:30:00-05:00,347.1499938964844,348.3800048828125,345.1000061035156,345.7699890136719,337186,0,0
2022-12-13 11:30:00-05:00,345.69000244140625,347.5199890136719,339.3900146484375,340.32501220703125,355839,0,0
2022-12-13 12:30:00-05:00,340.0199890136719,342.1199951171875,338.7900085449219,342.04998779296875,264225,0,0
2022-12-13 13:30:00-05:00,341.989990234375,343.0799865722656,340.25,342.69000244140625,260065,0,0
2022-12-13 14:30:00-05:00,342.7149963378906,344.6300048828125,340.05999755859375,342.16009521484375,265830,0,0
2022-12-13 15:30:00-05:00,342.30999755859375,344.0299987792969,341.8500061035156,342.57000732421875,404652,0,0
2022-12-14 09:30:00-05:00,343.8900146484375,345.94989013671875,343.2749938964844,344.6000061035156,592505,0,0
2022-12-14 10:30:00-05:00,344.3299865722656,345.239990234375,343.0299987792969,344.4700012207031,359147,0,0
2022-12-14 11:30:00-05:00,344.44000244140625,344.94000244140625,342.54998779296875,342.8800048828125,251793,0,0
2022-12-14 12:30:00-05:00,342.9200134277344,343.6449890136719,341.9800109863281,343.1700134277344,255058,0,0
2022-12-14 13:30:00-05:00,343.29998779296875,345.67999267578125,337.010009765625,339.0299987792969,385759,0,0
2022-12-14 14:30:00-05:00,339.0299987792969,344.1499938964844,335.0,339.32501220703125,529841,0,0
2022-12-14 15:30:00-05:00,339.07000732421875,341.8374938964844,338.0199890136719,339.9100036621094,378253,0,0
2022-12-15 09:30:00-05:00,332.760009765625,334.5,328.625,330.375,667262,0,0
2022-12-15 10:30:00-05:00,330.25,331.1600036621094,325.04998779296875,328.8500061035156,477333,0,0
2022-12-15 11:30:00-05:00,329.010009765625,329.010009765625,325.30999755859375,326.7099914550781,498955,0,0
2022-12-15 12:30:00-05:00,326.7449951171875,327.5,324.5899963378906,326.135009765625,404183,0,0
2022-12-15 13:30:00-05:00,326.0799865722656,326.9200134277344,325.42999267578125,326.6600036621094,370501,0,0
2022-12-15 14:30:00-05:00,326.5899963378906,329.1199951171875,326.5899963378906,328.79998779296875,609322,0,0
2022-12-15 15:30:00-05:00,328.82000732421875,329.0799865722656,325.7300109863281,328.7099914550781,904069,0,0
2022-12-16 09:30:00-05:00,345.0,354.46990966796875,343.07000732421875,343.1499938964844,2970424,0,0
2022-12-16 10:30:00-05:00,343.1449890136719,344.2900085449219,337.6700134277344,339.5400085449219,1344331,0,0
2022-12-16 11:30:00-05:00,339.5450134277344,340.8598937988281,338.50408935546875,340.6700134277344,706278,0,0
2022-12-16 12:30:00-05:00,340.6099853515625,341.510009765625,339.1050109863281,339.82000732421875,628556,0,0
2022-12-16 13:30:00-05:00,339.8550109863281,340.2898864746094,338.25,338.25,582753,0,0
2022-12-16 14:30:00-05:00,338.17999267578125,340.83990478515625,337.5299987792969,340.5799865722656,596441,0,0
2022-12-16 15:30:00-05:00,340.7200012207031,342.5,337.239990234375,338.4100036621094,1454819,0,0
